; ============================================================
; G-code generado por Bioprinting Plugin — PUCP
; Biotinta:  Colageno
; Soporte:   Multipocillos 6
; Temp. extrusión: 20 °C
; Velocidad: 8 mm/s
; Altura capa: 0.15 mm
; ============================================================

G21 ; unidades en mm
G90 ; posicionamiento absoluto
G92 E0 ; reset extrusor
M104 S20 ; temperatura extrusión
M109 S20 ; esperar temperatura
G28 ; home all axes
G1 Z5 F3000 ; levantar boquilla


; --- Pocillo 1 | Modelo: scaffold_rectangular ---
; Centro: (24.5, 21.5) mm
; Capas: 11

; Capa 1 / Z=0.15mm
G0 F6000 Z0.65 ; levantar para viaje
G0 F6000 X14.300 Y11.300 Z0.15
G1 F480 X34.300 Y11.300 E0.49890
G1 F480 X34.300 Y11.700 E0.99790
G1 F480 X34.300 Y11.700 E1.49691
G1 F480 X14.300 Y11.700 E1.50688
G1 F480 X34.300 Y11.300 E2.00579
G1 F480 X34.300 Y11.300 E2.50469
G1 F480 X14.300 Y11.300 E2.50469
G1 F480 X34.300 Y11.300 E3.00359
G1 F480 X34.300 Y11.700 E3.50249
G1 F480 X34.300 Y11.700 E4.00139
G1 F480 X34.300 Y11.700 E4.50030
G1 F480 X14.300 Y11.700 E4.50030
G1 F480 X14.300 Y11.700 E4.51027
G1 F480 X14.300 Y11.700 E4.52025
G1 F480 X14.300 Y11.700 E4.53023
G1 F480 X14.300 Y11.300 E4.53023
G1 F480 X34.300 Y11.700 E4.54021
G1 F480 X34.300 Y11.700 E4.55019
G1 F480 X34.300 Y11.300 E4.55019
G1 F480 X34.300 Y11.700 E4.56016
G1 F480 X34.300 Y13.300 E5.05907
G1 F480 X34.300 Y13.700 E5.55807
G1 F480 X34.300 Y13.700 E6.05707
G1 F480 X14.300 Y13.700 E6.06705
G1 F480 X34.300 Y13.300 E6.56595
G1 F480 X34.300 Y13.300 E7.06485
G1 F480 X14.300 Y13.300 E7.06485
G1 F480 X34.300 Y13.300 E7.56375
G1 F480 X34.300 Y13.700 E8.06266
G1 F480 X34.300 Y13.700 E8.56156
G1 F480 X34.300 Y13.700 E9.06046
G1 F480 X14.300 Y13.700 E9.06046
G1 F480 X14.300 Y13.700 E9.07044
G1 F480 X14.300 Y13.700 E9.08042
G1 F480 X14.300 Y13.700 E9.09039
G1 F480 X14.300 Y13.300 E9.09039
G1 F480 X34.300 Y13.700 E9.10037
G1 F480 X34.300 Y13.700 E9.11035
G1 F480 X34.300 Y13.300 E9.11035
G1 F480 X34.300 Y13.700 E9.12033
G1 F480 X34.300 Y15.300 E9.61923
G1 F480 X34.300 Y15.700 E10.11823
G1 F480 X34.300 Y15.700 E10.61723
G1 F480 X14.300 Y15.700 E10.62721
G1 F480 X34.300 Y15.300 E11.12611
G1 F480 X34.300 Y15.300 E11.62502
G1 F480 X14.300 Y15.300 E11.62502
G1 F480 X34.300 Y15.300 E12.12392
G1 F480 X34.300 Y15.700 E12.62282
G1 F480 X34.300 Y15.700 E13.12172
G1 F480 X34.300 Y15.700 E13.62062
G1 F480 X14.300 Y15.700 E13.62062
G1 F480 X14.300 Y15.700 E13.63060
G1 F480 X14.300 Y15.700 E13.64058
G1 F480 X14.300 Y15.700 E13.65056
G1 F480 X14.300 Y15.300 E13.65056
G1 F480 X34.300 Y15.700 E13.66054
G1 F480 X34.300 Y15.700 E13.67051
G1 F480 X34.300 Y15.300 E13.67051
G1 F480 X34.300 Y15.700 E13.68049
G1 F480 X34.300 Y17.300 E14.17939
G1 F480 X34.300 Y17.700 E14.67840
G1 F480 X34.300 Y17.700 E15.17740
G1 F480 X14.300 Y17.700 E15.18738
G1 F480 X34.300 Y17.300 E15.68628
G1 F480 X34.300 Y17.300 E16.18518
G1 F480 X14.300 Y17.300 E16.18518
G1 F480 X34.300 Y17.300 E16.68408
G1 F480 X34.300 Y17.700 E17.18298
G1 F480 X34.300 Y17.700 E17.68189
G1 F480 X34.300 Y17.700 E18.18079
G1 F480 X14.300 Y17.700 E18.18079
G1 F480 X14.300 Y17.700 E18.19077
G1 F480 X14.300 Y17.700 E18.20074
G1 F480 X14.300 Y17.700 E18.21072
G1 F480 X14.300 Y17.300 E18.21072
G1 F480 X34.300 Y17.700 E18.22070
G1 F480 X34.300 Y17.700 E18.23068
G1 F480 X34.300 Y17.300 E18.23068
G1 F480 X34.300 Y17.700 E18.24066
G1 F480 X34.300 Y19.300 E18.73956
G1 F480 X34.300 Y19.700 E19.23856
G1 F480 X34.300 Y19.700 E19.73756
G1 F480 X14.300 Y19.700 E19.74754
G1 F480 X34.300 Y19.300 E20.24644
G1 F480 X34.300 Y19.300 E20.74534
G1 F480 X14.300 Y19.300 E20.74534
G1 F480 X34.300 Y19.300 E21.24425
G1 F480 X34.300 Y19.700 E21.74315
G1 F480 X34.300 Y19.700 E22.24205
G1 F480 X34.300 Y19.700 E22.74095
G1 F480 X14.300 Y19.700 E22.74095
G1 F480 X14.300 Y19.700 E22.75093
G1 F480 X14.300 Y19.700 E22.76091
G1 F480 X14.300 Y19.700 E22.77089
G1 F480 X14.300 Y19.300 E22.77089
G1 F480 X34.300 Y19.700 E22.78086
G1 F480 X34.300 Y19.700 E22.79084
G1 F480 X34.300 Y19.300 E22.79084
G1 F480 X34.300 Y19.700 E22.80082
G1 F480 X34.300 Y21.300 E23.29972
G1 F480 X34.300 Y21.700 E23.79872
G1 F480 X34.300 Y21.700 E24.29773
G1 F480 X14.300 Y21.700 E24.30770
G1 F480 X34.300 Y21.300 E24.80661
G1 F480 X34.300 Y21.300 E25.30551
G1 F480 X14.300 Y21.300 E25.30551
G1 F480 X34.300 Y21.300 E25.80441
G1 F480 X34.300 Y21.700 E26.30331
G1 F480 X34.300 Y21.700 E26.80221
G1 F480 X34.300 Y21.700 E27.30112
G1 F480 X14.300 Y21.700 E27.30112
G1 F480 X14.300 Y21.700 E27.31109
G1 F480 X14.300 Y21.700 E27.32107
G1 F480 X14.300 Y21.700 E27.33105
G1 F480 X14.300 Y21.300 E27.33105
G1 F480 X34.300 Y21.700 E27.34103
G1 F480 X34.300 Y21.700 E27.35101
G1 F480 X34.300 Y21.300 E27.35101
G1 F480 X34.300 Y21.700 E27.36098
G1 F480 X34.300 Y23.300 E27.85989
G1 F480 X34.300 Y23.700 E28.35889
G1 F480 X34.300 Y23.700 E28.85789
G1 F480 X14.300 Y23.700 E28.86787
G1 F480 X34.300 Y23.300 E29.36677
G1 F480 X34.300 Y23.300 E29.86567
G1 F480 X14.300 Y23.300 E29.86567
G1 F480 X34.300 Y23.300 E30.36457
G1 F480 X34.300 Y23.700 E30.86348
G1 F480 X34.300 Y23.700 E31.36238
G1 F480 X34.300 Y23.700 E31.86128
G1 F480 X14.300 Y23.700 E31.86128
G1 F480 X14.300 Y23.700 E31.87126
G1 F480 X14.300 Y23.700 E31.88124
G1 F480 X14.300 Y23.700 E31.89121
G1 F480 X14.300 Y23.300 E31.89121
G1 F480 X34.300 Y23.700 E31.90119
G1 F480 X34.300 Y23.700 E31.91117
G1 F480 X34.300 Y23.300 E31.91117
G1 F480 X34.300 Y23.700 E31.92115
G1 F480 X34.300 Y25.300 E32.42005
G1 F480 X34.300 Y25.700 E32.91905
G1 F480 X34.300 Y25.700 E33.41805
G1 F480 X14.300 Y25.700 E33.42803
G1 F480 X34.300 Y25.300 E33.92693
G1 F480 X34.300 Y25.300 E34.42584
G1 F480 X14.300 Y25.300 E34.42584
G1 F480 X34.300 Y25.300 E34.92474
G1 F480 X34.300 Y25.700 E35.42364
G1 F480 X34.300 Y25.700 E35.92254
G1 F480 X34.300 Y25.700 E36.42144
G1 F480 X14.300 Y25.700 E36.42144
G1 F480 X14.300 Y25.700 E36.43142
G1 F480 X14.300 Y25.700 E36.44140
G1 F480 X14.300 Y25.700 E36.45138
G1 F480 X14.300 Y25.300 E36.45138
G1 F480 X34.300 Y25.700 E36.46136
G1 F480 X34.300 Y25.700 E36.47133
G1 F480 X34.300 Y25.300 E36.47133
G1 F480 X34.300 Y25.700 E36.48131
G1 F480 X34.300 Y27.300 E36.98021
G1 F480 X34.300 Y27.700 E37.47922
G1 F480 X34.300 Y27.700 E37.97822
G1 F480 X14.300 Y27.700 E37.98820
G1 F480 X34.300 Y27.300 E38.48710
G1 F480 X34.300 Y27.300 E38.98600
G1 F480 X14.300 Y27.300 E38.98600
G1 F480 X34.300 Y27.300 E39.48490
G1 F480 X34.300 Y27.700 E39.98380
G1 F480 X34.300 Y27.700 E40.48271
G1 F480 X34.300 Y27.700 E40.98161
G1 F480 X14.300 Y27.700 E40.98161
G1 F480 X14.300 Y27.700 E40.99159
G1 F480 X14.300 Y27.700 E41.00156
G1 F480 X14.300 Y27.700 E41.01154
G1 F480 X14.300 Y27.300 E41.01154
G1 F480 X34.300 Y27.700 E41.02152
G1 F480 X34.300 Y27.700 E41.03150
G1 F480 X34.300 Y27.300 E41.03150
G1 F480 X34.300 Y27.700 E41.04148
G1 F480 X34.300 Y29.300 E41.54038
G1 F480 X34.300 Y29.700 E42.03938
G1 F480 X34.300 Y29.700 E42.53838
G1 F480 X14.300 Y29.700 E42.54836
G1 F480 X34.300 Y29.300 E43.04726
G1 F480 X34.300 Y29.300 E43.54616
G1 F480 X14.300 Y29.300 E43.54616
G1 F480 X34.300 Y29.300 E44.04507
G1 F480 X34.300 Y29.700 E44.54397
G1 F480 X34.300 Y29.700 E45.04287
G1 F480 X34.300 Y29.700 E45.54177
G1 F480 X14.300 Y29.700 E45.54177
G1 F480 X14.300 Y29.700 E45.55175
G1 F480 X14.300 Y29.700 E45.56173
G1 F480 X14.300 Y29.700 E45.57171
G1 F480 X14.300 Y29.300 E45.57171
G1 F480 X34.300 Y29.700 E45.58168
G1 F480 X34.300 Y29.700 E45.59166
G1 F480 X34.300 Y29.300 E45.59166
G1 F480 X34.300 Y29.700 E45.60164
G1 F480 X34.300 Y31.300 E46.10054
G1 F480 X34.300 Y31.700 E46.59954
G1 F480 X34.300 Y31.700 E47.09855
G1 F480 X14.300 Y31.700 E47.10852
G1 F480 X34.300 Y31.300 E47.60743
G1 F480 X34.300 Y31.300 E48.10633
G1 F480 X14.300 Y31.300 E48.10633
G1 F480 X34.300 Y31.300 E48.60523
G1 F480 X34.300 Y31.700 E49.10413
G1 F480 X34.300 Y31.700 E49.60303
G1 F480 X34.300 Y31.700 E50.10194
G1 F480 X14.300 Y31.700 E50.10194
G1 F480 X14.300 Y31.700 E50.11191
G1 F480 X14.300 Y31.700 E50.12189
G1 F480 X14.300 Y31.700 E50.13187
G1 F480 X14.300 Y31.300 E50.13187
G1 F480 X34.300 Y31.700 E50.14185
G1 F480 X34.300 Y31.700 E50.15183
G1 F480 X34.300 Y31.300 E50.15183
G1 F480 X34.300 Y31.700 E50.16180

; Capa 3 / Z=0.45mm
G0 F6000 Z0.95 ; levantar para viaje
G0 F6000 X14.300 Y11.300 Z0.45
G1 F480 X34.300 Y11.700 E50.66081
G1 F480 X34.300 Y11.300 E51.15971
G1 F480 X14.300 Y11.700 E51.16969
G1 F480 X34.300 Y11.700 E51.66869
G1 F480 X34.300 Y11.300 E52.16759
G1 F480 X34.300 Y11.300 E52.66649
G1 F480 X14.300 Y11.300 E52.66649
G1 F480 X34.300 Y11.300 E53.16539
G1 F480 X34.300 Y11.700 E53.66430
G1 F480 X34.300 Y11.700 E54.16320
G1 F480 X34.300 Y11.700 E54.66210
G1 F480 X14.300 Y11.700 E54.66210
G1 F480 X14.300 Y11.700 E54.67208
G1 F480 X14.300 Y11.700 E54.68206
G1 F480 X14.300 Y11.700 E54.69203
G1 F480 X14.300 Y11.300 E54.69203
G1 F480 X34.300 Y11.700 E54.70201
G1 F480 X34.300 Y11.700 E54.71199
G1 F480 X34.300 Y11.300 E54.71199
G1 F480 X34.300 Y11.700 E54.72197
G1 F480 X34.300 Y13.700 E55.22097
G1 F480 X34.300 Y13.300 E55.71987
G1 F480 X14.300 Y13.700 E55.72985
G1 F480 X34.300 Y13.700 E56.22885
G1 F480 X34.300 Y13.300 E56.72775
G1 F480 X34.300 Y13.300 E57.22666
G1 F480 X14.300 Y13.300 E57.22666
G1 F480 X34.300 Y13.300 E57.72556
G1 F480 X34.300 Y13.700 E58.22446
G1 F480 X34.300 Y13.700 E58.72336
G1 F480 X34.300 Y13.700 E59.22226
G1 F480 X14.300 Y13.700 E59.22226
G1 F480 X14.300 Y13.700 E59.23224
G1 F480 X14.300 Y13.700 E59.24222
G1 F480 X14.300 Y13.700 E59.25220
G1 F480 X14.300 Y13.300 E59.25220
G1 F480 X34.300 Y13.700 E59.26218
G1 F480 X34.300 Y13.700 E59.27215
G1 F480 X34.300 Y13.300 E59.27215
G1 F480 X34.300 Y13.700 E59.28213
G1 F480 X34.300 Y15.700 E59.78113
G1 F480 X34.300 Y15.300 E60.28004
G1 F480 X14.300 Y15.700 E60.29001
G1 F480 X34.300 Y15.700 E60.78902
G1 F480 X34.300 Y15.300 E61.28792
G1 F480 X34.300 Y15.300 E61.78682
G1 F480 X14.300 Y15.300 E61.78682
G1 F480 X34.300 Y15.300 E62.28572
G1 F480 X34.300 Y15.700 E62.78462
G1 F480 X34.300 Y15.700 E63.28353
G1 F480 X34.300 Y15.700 E63.78243
G1 F480 X14.300 Y15.700 E63.78243
G1 F480 X14.300 Y15.700 E63.79241
G1 F480 X14.300 Y15.700 E63.80238
G1 F480 X14.300 Y15.700 E63.81236
G1 F480 X14.300 Y15.300 E63.81236
G1 F480 X34.300 Y15.700 E63.82234
G1 F480 X34.300 Y15.700 E63.83232
G1 F480 X34.300 Y15.300 E63.83232
G1 F480 X34.300 Y15.700 E63.84230
G1 F480 X34.300 Y17.700 E64.34130
G1 F480 X34.300 Y17.300 E64.84020
G1 F480 X14.300 Y17.700 E64.85018
G1 F480 X34.300 Y17.700 E65.34918
G1 F480 X34.300 Y17.300 E65.84808
G1 F480 X34.300 Y17.300 E66.34698
G1 F480 X14.300 Y17.300 E66.34698
G1 F480 X34.300 Y17.300 E66.84589
G1 F480 X34.300 Y17.700 E67.34479
G1 F480 X34.300 Y17.700 E67.84369
G1 F480 X34.300 Y17.700 E68.34259
G1 F480 X14.300 Y17.700 E68.34259
G1 F480 X14.300 Y17.700 E68.35257
G1 F480 X14.300 Y17.700 E68.36255
G1 F480 X14.300 Y17.700 E68.37253
G1 F480 X14.300 Y17.300 E68.37253
G1 F480 X34.300 Y17.700 E68.38250
G1 F480 X34.300 Y17.700 E68.39248
G1 F480 X34.300 Y17.300 E68.39248
G1 F480 X34.300 Y17.700 E68.40246
G1 F480 X34.300 Y19.700 E68.90146
G1 F480 X34.300 Y19.300 E69.40036
G1 F480 X14.300 Y19.700 E69.41034
G1 F480 X34.300 Y19.700 E69.90934
G1 F480 X34.300 Y19.300 E70.40825
G1 F480 X34.300 Y19.300 E70.90715
G1 F480 X14.300 Y19.300 E70.90715
G1 F480 X34.300 Y19.300 E71.40605
G1 F480 X34.300 Y19.700 E71.90495
G1 F480 X34.300 Y19.700 E72.40385
G1 F480 X34.300 Y19.700 E72.90276
G1 F480 X14.300 Y19.700 E72.90276
G1 F480 X14.300 Y19.700 E72.91273
G1 F480 X14.300 Y19.700 E72.92271
G1 F480 X14.300 Y19.700 E72.93269
G1 F480 X14.300 Y19.300 E72.93269
G1 F480 X34.300 Y19.700 E72.94267
G1 F480 X34.300 Y19.700 E72.95265
G1 F480 X34.300 Y19.300 E72.95265
G1 F480 X34.300 Y19.700 E72.96262
G1 F480 X34.300 Y21.700 E73.46163
G1 F480 X34.300 Y21.300 E73.96053
G1 F480 X14.300 Y21.700 E73.97051
G1 F480 X34.300 Y21.700 E74.46951
G1 F480 X34.300 Y21.300 E74.96841
G1 F480 X34.300 Y21.300 E75.46731
G1 F480 X14.300 Y21.300 E75.46731
G1 F480 X34.300 Y21.300 E75.96621
G1 F480 X34.300 Y21.700 E76.46512
G1 F480 X34.300 Y21.700 E76.96402
G1 F480 X34.300 Y21.700 E77.46292
G1 F480 X14.300 Y21.700 E77.46292
G1 F480 X14.300 Y21.700 E77.47290
G1 F480 X14.300 Y21.700 E77.48288
G1 F480 X14.300 Y21.700 E77.49285
G1 F480 X14.300 Y21.300 E77.49285
G1 F480 X34.300 Y21.700 E77.50283
G1 F480 X34.300 Y21.700 E77.51281
G1 F480 X34.300 Y21.300 E77.51281
G1 F480 X34.300 Y21.700 E77.52279
G1 F480 X34.300 Y23.700 E78.02179
G1 F480 X34.300 Y23.300 E78.52069
G1 F480 X14.300 Y23.700 E78.53067
G1 F480 X34.300 Y23.700 E79.02967
G1 F480 X34.300 Y23.300 E79.52857
G1 F480 X34.300 Y23.300 E80.02748
G1 F480 X14.300 Y23.300 E80.02748
G1 F480 X34.300 Y23.300 E80.52638
G1 F480 X34.300 Y23.700 E81.02528
G1 F480 X34.300 Y23.700 E81.52418
G1 F480 X34.300 Y23.700 E82.02308
G1 F480 X14.300 Y23.700 E82.02308
G1 F480 X14.300 Y23.700 E82.03306
G1 F480 X14.300 Y23.700 E82.04304
G1 F480 X14.300 Y23.700 E82.05302
G1 F480 X14.300 Y23.300 E82.05302
G1 F480 X34.300 Y23.700 E82.06300
G1 F480 X34.300 Y23.700 E82.07297
G1 F480 X34.300 Y23.300 E82.07297
G1 F480 X34.300 Y23.700 E82.08295
G1 F480 X34.300 Y25.700 E82.58195
G1 F480 X34.300 Y25.300 E83.08086
G1 F480 X14.300 Y25.700 E83.09083
G1 F480 X34.300 Y25.700 E83.58984
G1 F480 X34.300 Y25.300 E84.08874
G1 F480 X34.300 Y25.300 E84.58764
G1 F480 X14.300 Y25.300 E84.58764
G1 F480 X34.300 Y25.300 E85.08654
G1 F480 X34.300 Y25.700 E85.58544
G1 F480 X34.300 Y25.700 E86.08435
G1 F480 X34.300 Y25.700 E86.58325
G1 F480 X14.300 Y25.700 E86.58325
G1 F480 X14.300 Y25.700 E86.59323
G1 F480 X14.300 Y25.700 E86.60320
G1 F480 X14.300 Y25.700 E86.61318
G1 F480 X14.300 Y25.300 E86.61318
G1 F480 X34.300 Y25.700 E86.62316
G1 F480 X34.300 Y25.700 E86.63314
G1 F480 X34.300 Y25.300 E86.63314
G1 F480 X34.300 Y25.700 E86.64312
G1 F480 X34.300 Y27.700 E87.14212
G1 F480 X34.300 Y27.300 E87.64102
G1 F480 X14.300 Y27.700 E87.65100
G1 F480 X34.300 Y27.700 E88.15000
G1 F480 X34.300 Y27.300 E88.64890
G1 F480 X34.300 Y27.300 E89.14780
G1 F480 X14.300 Y27.300 E89.14780
G1 F480 X34.300 Y27.300 E89.64671
G1 F480 X34.300 Y27.700 E90.14561
G1 F480 X34.300 Y27.700 E90.64451
G1 F480 X34.300 Y27.700 E91.14341
G1 F480 X14.300 Y27.700 E91.14341
G1 F480 X14.300 Y27.700 E91.15339
G1 F480 X14.300 Y27.700 E91.16337
G1 F480 X14.300 Y27.700 E91.17335
G1 F480 X14.300 Y27.300 E91.17335
G1 F480 X34.300 Y27.700 E91.18332
G1 F480 X34.300 Y27.700 E91.19330
G1 F480 X34.300 Y27.300 E91.19330
G1 F480 X34.300 Y27.700 E91.20328
G1 F480 X34.300 Y29.700 E91.70228
G1 F480 X34.300 Y29.300 E92.20118
G1 F480 X14.300 Y29.700 E92.21116
G1 F480 X34.300 Y29.700 E92.71016
G1 F480 X34.300 Y29.300 E93.20907
G1 F480 X34.300 Y29.300 E93.70797
G1 F480 X14.300 Y29.300 E93.70797
G1 F480 X34.300 Y29.300 E94.20687
G1 F480 X34.300 Y29.700 E94.70577
G1 F480 X34.300 Y29.700 E95.20467
G1 F480 X34.300 Y29.700 E95.70358
G1 F480 X14.300 Y29.700 E95.70358
G1 F480 X14.300 Y29.700 E95.71355
G1 F480 X14.300 Y29.700 E95.72353
G1 F480 X14.300 Y29.700 E95.73351
G1 F480 X14.300 Y29.300 E95.73351
G1 F480 X34.300 Y29.700 E95.74349
G1 F480 X34.300 Y29.700 E95.75347
G1 F480 X34.300 Y29.300 E95.75347
G1 F480 X34.300 Y29.700 E95.76344
G1 F480 X34.300 Y31.700 E96.26245
G1 F480 X34.300 Y31.300 E96.76135
G1 F480 X14.300 Y31.700 E96.77133
G1 F480 X34.300 Y31.700 E97.27033
G1 F480 X34.300 Y31.300 E97.76923
G1 F480 X34.300 Y31.300 E98.26813
G1 F480 X14.300 Y31.300 E98.26813
G1 F480 X34.300 Y31.300 E98.76703
G1 F480 X34.300 Y31.700 E99.26594
G1 F480 X34.300 Y31.700 E99.76484
G1 F480 X34.300 Y31.700 E100.26374
G1 F480 X14.300 Y31.700 E100.26374
G1 F480 X14.300 Y31.700 E100.27372
G1 F480 X14.300 Y31.700 E100.28370
G1 F480 X14.300 Y31.700 E100.29367
G1 F480 X14.300 Y31.300 E100.29367
G1 F480 X34.300 Y31.700 E100.30365
G1 F480 X34.300 Y31.700 E100.31363
G1 F480 X34.300 Y31.300 E100.31363
G1 F480 X34.300 Y31.700 E100.32361
G1 F480 X14.700 Y11.300 E100.33359
G1 F480 X14.700 Y31.300 E100.83259
G1 F480 X14.700 Y31.300 E101.33159
G1 F480 X14.300 Y31.300 E101.83049
G1 F480 X14.700 Y11.300 E101.84047
G1 F480 X14.700 Y11.300 E101.85045
G1 F480 X14.300 Y11.300 E101.85045
G1 F480 X14.700 Y11.300 E101.86043
G1 F480 X14.700 Y31.300 E101.87040
G1 F480 X14.700 Y31.300 E101.88038
G1 F480 X14.700 Y31.300 E101.89036
G1 F480 X14.300 Y31.300 E101.89036
G1 F480 X14.300 Y31.300 E102.38926
G1 F480 X14.300 Y31.300 E102.88816
G1 F480 X14.300 Y31.300 E103.38707
G1 F480 X14.300 Y11.300 E103.38707
G1 F480 X14.700 Y31.300 E103.88597
G1 F480 X14.700 Y31.300 E104.38487
G1 F480 X14.700 Y11.300 E104.38487
G1 F480 X14.700 Y31.300 E104.88377
G1 F480 X16.700 Y11.300 E104.89375
G1 F480 X16.700 Y31.300 E105.39275
G1 F480 X16.700 Y31.300 E105.89175
G1 F480 X16.300 Y31.300 E106.39066
G1 F480 X16.700 Y11.300 E106.40063
G1 F480 X16.700 Y11.300 E106.41061
G1 F480 X16.300 Y11.300 E106.41061
G1 F480 X16.700 Y11.300 E106.42059
G1 F480 X16.700 Y31.300 E106.43057
G1 F480 X16.700 Y31.300 E106.44055
G1 F480 X16.700 Y31.300 E106.45052
G1 F480 X16.300 Y31.300 E106.45052
G1 F480 X16.300 Y31.300 E106.94943
G1 F480 X16.300 Y31.300 E107.44833
G1 F480 X16.300 Y31.300 E107.94723
G1 F480 X16.300 Y11.300 E107.94723
G1 F480 X16.700 Y31.300 E108.44613
G1 F480 X16.700 Y31.300 E108.94503
G1 F480 X16.700 Y11.300 E108.94503
G1 F480 X16.700 Y31.300 E109.44394
G1 F480 X18.700 Y11.300 E109.45391
G1 F480 X18.700 Y31.300 E109.95292
G1 F480 X18.700 Y31.300 E110.45192
G1 F480 X18.300 Y31.300 E110.95082
G1 F480 X18.700 Y11.300 E110.96080
G1 F480 X18.700 Y11.300 E110.97078
G1 F480 X18.300 Y11.300 E110.97078
G1 F480 X18.700 Y11.300 E110.98075
G1 F480 X18.700 Y31.300 E110.99073
G1 F480 X18.700 Y31.300 E111.00071
G1 F480 X18.700 Y31.300 E111.01069
G1 F480 X18.300 Y31.300 E111.01069
G1 F480 X18.300 Y31.300 E111.50959
G1 F480 X18.300 Y31.300 E112.00849
G1 F480 X18.300 Y31.300 E112.50739
G1 F480 X18.300 Y11.300 E112.50739
G1 F480 X18.700 Y31.300 E113.00630
G1 F480 X18.700 Y31.300 E113.50520
G1 F480 X18.700 Y11.300 E113.50520
G1 F480 X18.700 Y31.300 E114.00410
G1 F480 X20.700 Y11.300 E114.01408
G1 F480 X20.700 Y31.300 E114.51308
G1 F480 X20.700 Y31.300 E115.01208
G1 F480 X20.300 Y31.300 E115.51098
G1 F480 X20.700 Y11.300 E115.52096
G1 F480 X20.700 Y11.300 E115.53094
G1 F480 X20.300 Y11.300 E115.53094
G1 F480 X20.700 Y11.300 E115.54092
G1 F480 X20.700 Y31.300 E115.55090
G1 F480 X20.700 Y31.300 E115.56087
G1 F480 X20.700 Y31.300 E115.57085
G1 F480 X20.300 Y31.300 E115.57085
G1 F480 X20.300 Y31.300 E116.06975
G1 F480 X20.300 Y31.300 E116.56866
G1 F480 X20.300 Y31.300 E117.06756
G1 F480 X20.300 Y11.300 E117.06756
G1 F480 X20.700 Y31.300 E117.56646
G1 F480 X20.700 Y31.300 E118.06536
G1 F480 X20.700 Y11.300 E118.06536
G1 F480 X20.700 Y31.300 E118.56426
G1 F480 X22.700 Y11.300 E118.57424
G1 F480 X22.700 Y31.300 E119.07324
G1 F480 X22.700 Y31.300 E119.57225
G1 F480 X22.300 Y31.300 E120.07115
G1 F480 X22.700 Y11.300 E120.08113
G1 F480 X22.700 Y11.300 E120.09110
G1 F480 X22.300 Y11.300 E120.09110
G1 F480 X22.700 Y11.300 E120.10108
G1 F480 X22.700 Y31.300 E120.11106
G1 F480 X22.700 Y31.300 E120.12104
G1 F480 X22.700 Y31.300 E120.13102
G1 F480 X22.300 Y31.300 E120.13102
G1 F480 X22.300 Y31.300 E120.62992
G1 F480 X22.300 Y31.300 E121.12882
G1 F480 X22.300 Y31.300 E121.62772
G1 F480 X22.300 Y11.300 E121.62772
G1 F480 X22.700 Y31.300 E122.12662
G1 F480 X22.700 Y31.300 E122.62553
G1 F480 X22.700 Y11.300 E122.62553
G1 F480 X22.700 Y31.300 E123.12443
G1 F480 X24.700 Y11.300 E123.13441
G1 F480 X24.700 Y31.300 E123.63341
G1 F480 X24.700 Y31.300 E124.13241
G1 F480 X24.300 Y31.300 E124.63131
G1 F480 X24.700 Y11.300 E124.64129
G1 F480 X24.700 Y11.300 E124.65127
G1 F480 X24.300 Y11.300 E124.65127
G1 F480 X24.700 Y11.300 E124.66125
G1 F480 X24.700 Y31.300 E124.67122
G1 F480 X24.700 Y31.300 E124.68120
G1 F480 X24.700 Y31.300 E124.69118
G1 F480 X24.300 Y31.300 E124.69118
G1 F480 X24.300 Y31.300 E125.19008
G1 F480 X24.300 Y31.300 E125.68898
G1 F480 X24.300 Y31.300 E126.18789
G1 F480 X24.300 Y11.300 E126.18789
G1 F480 X24.700 Y31.300 E126.68679
G1 F480 X24.700 Y31.300 E127.18569
G1 F480 X24.700 Y11.300 E127.18569
G1 F480 X24.700 Y31.300 E127.68459
G1 F480 X26.700 Y11.300 E127.69457
G1 F480 X26.700 Y31.300 E128.19357
G1 F480 X26.700 Y31.300 E128.69257
G1 F480 X26.300 Y31.300 E129.19148
G1 F480 X26.700 Y11.300 E129.20145
G1 F480 X26.700 Y11.300 E129.21143
G1 F480 X26.300 Y11.300 E129.21143
G1 F480 X26.700 Y11.300 E129.22141
G1 F480 X26.700 Y31.300 E129.23139
G1 F480 X26.700 Y31.300 E129.24137
G1 F480 X26.700 Y31.300 E129.25134
G1 F480 X26.300 Y31.300 E129.25134
G1 F480 X26.300 Y31.300 E129.75025
G1 F480 X26.300 Y31.300 E130.24915
G1 F480 X26.300 Y31.300 E130.74805
G1 F480 X26.300 Y11.300 E130.74805
G1 F480 X26.700 Y31.300 E131.24695
G1 F480 X26.700 Y31.300 E131.74585
G1 F480 X26.700 Y11.300 E131.74585
G1 F480 X26.700 Y31.300 E132.24476
G1 F480 X28.700 Y11.300 E132.25473
G1 F480 X28.700 Y31.300 E132.75374
G1 F480 X28.700 Y31.300 E133.25274
G1 F480 X28.300 Y31.300 E133.75164
G1 F480 X28.700 Y11.300 E133.76162
G1 F480 X28.700 Y11.300 E133.77160
G1 F480 X28.300 Y11.300 E133.77160
G1 F480 X28.700 Y11.300 E133.78157
G1 F480 X28.700 Y31.300 E133.79155
G1 F480 X28.700 Y31.300 E133.80153
G1 F480 X28.700 Y31.300 E133.81151
G1 F480 X28.300 Y31.300 E133.81151
G1 F480 X28.300 Y31.300 E134.31041
G1 F480 X28.300 Y31.300 E134.80931
G1 F480 X28.300 Y31.300 E135.30821
G1 F480 X28.300 Y11.300 E135.30821
G1 F480 X28.700 Y31.300 E135.80712
G1 F480 X28.700 Y31.300 E136.30602
G1 F480 X28.700 Y11.300 E136.30602
G1 F480 X28.700 Y31.300 E136.80492
G1 F480 X30.700 Y11.300 E136.81490
G1 F480 X30.700 Y31.300 E137.31390
G1 F480 X30.700 Y31.300 E137.81290
G1 F480 X30.300 Y31.300 E138.31180
G1 F480 X30.700 Y11.300 E138.32178
G1 F480 X30.700 Y11.300 E138.33176
G1 F480 X30.300 Y11.300 E138.33176
G1 F480 X30.700 Y11.300 E138.34174
G1 F480 X30.700 Y31.300 E138.35172
G1 F480 X30.700 Y31.300 E138.36169
G1 F480 X30.700 Y31.300 E138.37167
G1 F480 X30.300 Y31.300 E138.37167
G1 F480 X30.300 Y31.300 E138.87057
G1 F480 X30.300 Y31.300 E139.36948
G1 F480 X30.300 Y31.300 E139.86838
G1 F480 X30.300 Y11.300 E139.86838
G1 F480 X30.700 Y31.300 E140.36728
G1 F480 X30.700 Y31.300 E140.86618
G1 F480 X30.700 Y11.300 E140.86618
G1 F480 X30.700 Y31.300 E141.36508
G1 F480 X32.700 Y11.300 E141.37506
G1 F480 X32.700 Y31.300 E141.87406
G1 F480 X32.700 Y31.300 E142.37307
G1 F480 X32.300 Y31.300 E142.87197
G1 F480 X32.700 Y11.300 E142.88195
G1 F480 X32.700 Y11.300 E142.89192
G1 F480 X32.300 Y11.300 E142.89192
G1 F480 X32.700 Y11.300 E142.90190
G1 F480 X32.700 Y31.300 E142.91188
G1 F480 X32.700 Y31.300 E142.92186
G1 F480 X32.700 Y31.300 E142.93184
G1 F480 X32.300 Y31.300 E142.93184
G1 F480 X32.300 Y31.300 E143.43074
G1 F480 X32.300 Y31.300 E143.92964
G1 F480 X32.300 Y31.300 E144.42854
G1 F480 X32.300 Y11.300 E144.42854
G1 F480 X32.700 Y31.300 E144.92744
G1 F480 X32.700 Y31.300 E145.42635
G1 F480 X32.700 Y11.300 E145.42635
G1 F480 X32.700 Y31.300 E145.92525
G1 F480 X34.700 Y11.300 E145.93523
G1 F480 X34.700 Y31.300 E146.43423
G1 F480 X34.700 Y31.300 E146.93323
G1 F480 X34.300 Y31.300 E147.43213
G1 F480 X34.700 Y11.300 E147.44211
G1 F480 X34.700 Y11.300 E147.45209
G1 F480 X34.300 Y11.300 E147.45209
G1 F480 X34.700 Y11.300 E147.46207
G1 F480 X34.700 Y31.300 E147.47204
G1 F480 X34.700 Y31.300 E147.48202
G1 F480 X34.700 Y31.300 E147.49200
G1 F480 X34.300 Y31.300 E147.49200
G1 F480 X34.300 Y31.300 E147.99090
G1 F480 X34.300 Y31.300 E148.48980
G1 F480 X34.300 Y31.300 E148.98871
G1 F480 X34.300 Y11.300 E148.98871
G1 F480 X34.700 Y31.300 E149.48761
G1 F480 X34.700 Y31.300 E149.98651
G1 F480 X34.700 Y11.300 E149.98651
G1 F480 X34.700 Y31.300 E150.48541

; Capa 6 / Z=0.90mm
G0 F6000 Z1.40 ; levantar para viaje
G0 F6000 X14.300 Y11.300 Z0.90
G1 F480 X14.700 Y31.300 E150.98441
G1 F480 X14.700 Y11.300 E150.99439
G1 F480 X14.300 Y31.300 E151.49329
G1 F480 X14.700 Y31.300 E151.99230
G1 F480 X14.700 Y11.300 E152.00227
G1 F480 X14.700 Y11.300 E152.01225
G1 F480 X14.300 Y11.300 E152.01225
G1 F480 X14.700 Y11.300 E152.02223
G1 F480 X14.700 Y31.300 E152.03221
G1 F480 X14.700 Y31.300 E152.04219
G1 F480 X14.700 Y31.300 E152.05216
G1 F480 X14.300 Y31.300 E152.05216
G1 F480 X14.300 Y31.300 E152.55107
G1 F480 X14.300 Y31.300 E153.04997
G1 F480 X14.300 Y31.300 E153.54887
G1 F480 X14.300 Y11.300 E153.54887
G1 F480 X14.700 Y31.300 E154.04777
G1 F480 X14.700 Y31.300 E154.54667
G1 F480 X14.700 Y11.300 E154.54667
G1 F480 X14.700 Y31.300 E155.04558
G1 F480 X16.700 Y31.300 E155.54458
G1 F480 X16.700 Y11.300 E155.55456
G1 F480 X16.300 Y31.300 E156.05346
G1 F480 X16.700 Y31.300 E156.55246
G1 F480 X16.700 Y11.300 E156.56244
G1 F480 X16.700 Y11.300 E156.57242
G1 F480 X16.300 Y11.300 E156.57242
G1 F480 X16.700 Y11.300 E156.58239
G1 F480 X16.700 Y31.300 E156.59237
G1 F480 X16.700 Y31.300 E156.60235
G1 F480 X16.700 Y31.300 E156.61233
G1 F480 X16.300 Y31.300 E156.61233
G1 F480 X16.300 Y31.300 E157.11123
G1 F480 X16.300 Y31.300 E157.61013
G1 F480 X16.300 Y31.300 E158.10903
G1 F480 X16.300 Y11.300 E158.10903
G1 F480 X16.700 Y31.300 E158.60794
G1 F480 X16.700 Y31.300 E159.10684
G1 F480 X16.700 Y11.300 E159.10684
G1 F480 X16.700 Y31.300 E159.60574
G1 F480 X18.700 Y31.300 E160.10474
G1 F480 X18.700 Y11.300 E160.11472
G1 F480 X18.300 Y31.300 E160.61362
G1 F480 X18.700 Y31.300 E161.11262
G1 F480 X18.700 Y11.300 E161.12260
G1 F480 X18.700 Y11.300 E161.13258
G1 F480 X18.300 Y11.300 E161.13258
G1 F480 X18.700 Y11.300 E161.14256
G1 F480 X18.700 Y31.300 E161.15254
G1 F480 X18.700 Y31.300 E161.16251
G1 F480 X18.700 Y31.300 E161.17249
G1 F480 X18.300 Y31.300 E161.17249
G1 F480 X18.300 Y31.300 E161.67139
G1 F480 X18.300 Y31.300 E162.17030
G1 F480 X18.300 Y31.300 E162.66920
G1 F480 X18.300 Y11.300 E162.66920
G1 F480 X18.700 Y31.300 E163.16810
G1 F480 X18.700 Y31.300 E163.66700
G1 F480 X18.700 Y11.300 E163.66700
G1 F480 X18.700 Y31.300 E164.16590
G1 F480 X20.700 Y31.300 E164.66491
G1 F480 X20.700 Y11.300 E164.67488
G1 F480 X20.300 Y31.300 E165.17379
G1 F480 X20.700 Y31.300 E165.67279
G1 F480 X20.700 Y11.300 E165.68277
G1 F480 X20.700 Y11.300 E165.69274
G1 F480 X20.300 Y11.300 E165.69274
G1 F480 X20.700 Y11.300 E165.70272
G1 F480 X20.700 Y31.300 E165.71270
G1 F480 X20.700 Y31.300 E165.72268
G1 F480 X20.700 Y31.300 E165.73266
G1 F480 X20.300 Y31.300 E165.73266
G1 F480 X20.300 Y31.300 E166.23156
G1 F480 X20.300 Y31.300 E166.73046
G1 F480 X20.300 Y31.300 E167.22936
G1 F480 X20.300 Y11.300 E167.22936
G1 F480 X20.700 Y31.300 E167.72826
G1 F480 X20.700 Y31.300 E168.22717
G1 F480 X20.700 Y11.300 E168.22717
G1 F480 X20.700 Y31.300 E168.72607
G1 F480 X22.700 Y31.300 E169.22507
G1 F480 X22.700 Y11.300 E169.23505
G1 F480 X22.300 Y31.300 E169.73395
G1 F480 X22.700 Y31.300 E170.23295
G1 F480 X22.700 Y11.300 E170.24293
G1 F480 X22.700 Y11.300 E170.25291
G1 F480 X22.300 Y11.300 E170.25291
G1 F480 X22.700 Y11.300 E170.26289
G1 F480 X22.700 Y31.300 E170.27286
G1 F480 X22.700 Y31.300 E170.28284
G1 F480 X22.700 Y31.300 E170.29282
G1 F480 X22.300 Y31.300 E170.29282
G1 F480 X22.300 Y31.300 E170.79172
G1 F480 X22.300 Y31.300 E171.29062
G1 F480 X22.300 Y31.300 E171.78953
G1 F480 X22.300 Y11.300 E171.78953
G1 F480 X22.700 Y31.300 E172.28843
G1 F480 X22.700 Y31.300 E172.78733
G1 F480 X22.700 Y11.300 E172.78733
G1 F480 X22.700 Y31.300 E173.28623
G1 F480 X24.700 Y31.300 E173.78523
G1 F480 X24.700 Y11.300 E173.79521
G1 F480 X24.300 Y31.300 E174.29411
G1 F480 X24.700 Y31.300 E174.79312
G1 F480 X24.700 Y11.300 E174.80309
G1 F480 X24.700 Y11.300 E174.81307
G1 F480 X24.300 Y11.300 E174.81307
G1 F480 X24.700 Y11.300 E174.82305
G1 F480 X24.700 Y31.300 E174.83303
G1 F480 X24.700 Y31.300 E174.84301
G1 F480 X24.700 Y31.300 E174.85298
G1 F480 X24.300 Y31.300 E174.85298
G1 F480 X24.300 Y31.300 E175.35189
G1 F480 X24.300 Y31.300 E175.85079
G1 F480 X24.300 Y31.300 E176.34969
G1 F480 X24.300 Y11.300 E176.34969
G1 F480 X24.700 Y31.300 E176.84859
G1 F480 X24.700 Y31.300 E177.34749
G1 F480 X24.700 Y11.300 E177.34749
G1 F480 X24.700 Y31.300 E177.84640
G1 F480 X26.700 Y31.300 E178.34540
G1 F480 X26.700 Y11.300 E178.35538
G1 F480 X26.300 Y31.300 E178.85428
G1 F480 X26.700 Y31.300 E179.35328
G1 F480 X26.700 Y11.300 E179.36326
G1 F480 X26.700 Y11.300 E179.37324
G1 F480 X26.300 Y11.300 E179.37324
G1 F480 X26.700 Y11.300 E179.38321
G1 F480 X26.700 Y31.300 E179.39319
G1 F480 X26.700 Y31.300 E179.40317
G1 F480 X26.700 Y31.300 E179.41315
G1 F480 X26.300 Y31.300 E179.41315
G1 F480 X26.300 Y31.300 E179.91205
G1 F480 X26.300 Y31.300 E180.41095
G1 F480 X26.300 Y31.300 E180.90985
G1 F480 X26.300 Y11.300 E180.90985
G1 F480 X26.700 Y31.300 E181.40876
G1 F480 X26.700 Y31.300 E181.90766
G1 F480 X26.700 Y11.300 E181.90766
G1 F480 X26.700 Y31.300 E182.40656
G1 F480 X28.700 Y31.300 E182.90556
G1 F480 X28.700 Y11.300 E182.91554
G1 F480 X28.300 Y31.300 E183.41444
G1 F480 X28.700 Y31.300 E183.91344
G1 F480 X28.700 Y11.300 E183.92342
G1 F480 X28.700 Y11.300 E183.93340
G1 F480 X28.300 Y11.300 E183.93340
G1 F480 X28.700 Y11.300 E183.94338
G1 F480 X28.700 Y31.300 E183.95336
G1 F480 X28.700 Y31.300 E183.96333
G1 F480 X28.700 Y31.300 E183.97331
G1 F480 X28.300 Y31.300 E183.97331
G1 F480 X28.300 Y31.300 E184.47221
G1 F480 X28.300 Y31.300 E184.97112
G1 F480 X28.300 Y31.300 E185.47002
G1 F480 X28.300 Y11.300 E185.47002
G1 F480 X28.700 Y31.300 E185.96892
G1 F480 X28.700 Y31.300 E186.46782
G1 F480 X28.700 Y11.300 E186.46782
G1 F480 X28.700 Y31.300 E186.96672
G1 F480 X30.700 Y31.300 E187.46573
G1 F480 X30.700 Y11.300 E187.47570
G1 F480 X30.300 Y31.300 E187.97461
G1 F480 X30.700 Y31.300 E188.47361
G1 F480 X30.700 Y11.300 E188.48359
G1 F480 X30.700 Y11.300 E188.49356
G1 F480 X30.300 Y11.300 E188.49356
G1 F480 X30.700 Y11.300 E188.50354
G1 F480 X30.700 Y31.300 E188.51352
G1 F480 X30.700 Y31.300 E188.52350
G1 F480 X30.700 Y31.300 E188.53348
G1 F480 X30.300 Y31.300 E188.53348
G1 F480 X30.300 Y31.300 E189.03238
G1 F480 X30.300 Y31.300 E189.53128
G1 F480 X30.300 Y31.300 E190.03018
G1 F480 X30.300 Y11.300 E190.03018
G1 F480 X30.700 Y31.300 E190.52908
G1 F480 X30.700 Y31.300 E191.02799
G1 F480 X30.700 Y11.300 E191.02799
G1 F480 X30.700 Y31.300 E191.52689
G1 F480 X32.700 Y31.300 E192.02589
G1 F480 X32.700 Y11.300 E192.03587
G1 F480 X32.300 Y31.300 E192.53477
G1 F480 X32.700 Y31.300 E193.03377
G1 F480 X32.700 Y11.300 E193.04375
G1 F480 X32.700 Y11.300 E193.05373
G1 F480 X32.300 Y11.300 E193.05373
G1 F480 X32.700 Y11.300 E193.06371
G1 F480 X32.700 Y31.300 E193.07368
G1 F480 X32.700 Y31.300 E193.08366
G1 F480 X32.700 Y31.300 E193.09364
G1 F480 X32.300 Y31.300 E193.09364
G1 F480 X32.300 Y31.300 E193.59254
G1 F480 X32.300 Y31.300 E194.09144
G1 F480 X32.300 Y31.300 E194.59035
G1 F480 X32.300 Y11.300 E194.59035
G1 F480 X32.700 Y31.300 E195.08925
G1 F480 X32.700 Y31.300 E195.58815
G1 F480 X32.700 Y11.300 E195.58815
G1 F480 X32.700 Y31.300 E196.08705
G1 F480 X34.700 Y31.300 E196.58605
G1 F480 X34.700 Y11.300 E196.59603
G1 F480 X34.300 Y31.300 E197.09493
G1 F480 X34.700 Y31.300 E197.59394
G1 F480 X34.700 Y11.300 E197.60391
G1 F480 X34.700 Y11.300 E197.61389
G1 F480 X34.300 Y11.300 E197.61389
G1 F480 X34.700 Y11.300 E197.62387
G1 F480 X34.700 Y31.300 E197.63385
G1 F480 X34.700 Y31.300 E197.64383
G1 F480 X34.700 Y31.300 E197.65380
G1 F480 X34.300 Y31.300 E197.65380
G1 F480 X34.300 Y31.300 E198.15271
G1 F480 X34.300 Y31.300 E198.65161
G1 F480 X34.300 Y31.300 E199.15051
G1 F480 X34.300 Y11.300 E199.15051
G1 F480 X34.700 Y31.300 E199.64941
G1 F480 X34.700 Y31.300 E200.14831
G1 F480 X34.700 Y11.300 E200.14831
G1 F480 X34.700 Y31.300 E200.64722
G1 F480 X34.300 Y11.300 E201.14612
G1 F480 X34.300 Y11.700 E201.64512
G1 F480 X34.300 Y11.700 E202.14412
G1 F480 X14.300 Y11.700 E202.15410
G1 F480 X34.300 Y11.300 E202.65300
G1 F480 X34.300 Y11.300 E203.15190
G1 F480 X14.300 Y11.300 E203.15190
G1 F480 X34.300 Y11.300 E203.65081
G1 F480 X34.300 Y11.700 E204.14971
G1 F480 X34.300 Y11.700 E204.64861
G1 F480 X34.300 Y11.700 E205.14751
G1 F480 X14.300 Y11.700 E205.14751
G1 F480 X14.300 Y11.700 E205.15749
G1 F480 X14.300 Y11.700 E205.16747
G1 F480 X14.300 Y11.700 E205.17745
G1 F480 X14.300 Y11.300 E205.17745
G1 F480 X34.300 Y11.700 E205.18742
G1 F480 X34.300 Y11.700 E205.19740
G1 F480 X34.300 Y11.300 E205.19740
G1 F480 X34.300 Y11.700 E205.20738
G1 F480 X34.300 Y13.300 E205.70628
G1 F480 X34.300 Y13.700 E206.20528
G1 F480 X34.300 Y13.700 E206.70429
G1 F480 X14.300 Y13.700 E206.71426
G1 F480 X34.300 Y13.300 E207.21317
G1 F480 X34.300 Y13.300 E207.71207
G1 F480 X14.300 Y13.300 E207.71207
G1 F480 X34.300 Y13.300 E208.21097
G1 F480 X34.300 Y13.700 E208.70987
G1 F480 X34.300 Y13.700 E209.20877
G1 F480 X34.300 Y13.700 E209.70768
G1 F480 X14.300 Y13.700 E209.70768
G1 F480 X14.300 Y13.700 E209.71765
G1 F480 X14.300 Y13.700 E209.72763
G1 F480 X14.300 Y13.700 E209.73761
G1 F480 X14.300 Y13.300 E209.73761
G1 F480 X34.300 Y13.700 E209.74759
G1 F480 X34.300 Y13.700 E209.75757
G1 F480 X34.300 Y13.300 E209.75757
G1 F480 X34.300 Y13.700 E209.76754
G1 F480 X34.300 Y15.300 E210.26645
G1 F480 X34.300 Y15.700 E210.76545
G1 F480 X34.300 Y15.700 E211.26445
G1 F480 X14.300 Y15.700 E211.27443
G1 F480 X34.300 Y15.300 E211.77333
G1 F480 X34.300 Y15.300 E212.27223
G1 F480 X14.300 Y15.300 E212.27223
G1 F480 X34.300 Y15.300 E212.77113
G1 F480 X34.300 Y15.700 E213.27004
G1 F480 X34.300 Y15.700 E213.76894
G1 F480 X34.300 Y15.700 E214.26784
G1 F480 X14.300 Y15.700 E214.26784
G1 F480 X14.300 Y15.700 E214.27782
G1 F480 X14.300 Y15.700 E214.28780
G1 F480 X14.300 Y15.700 E214.29777
G1 F480 X14.300 Y15.300 E214.29777
G1 F480 X34.300 Y15.700 E214.30775
G1 F480 X34.300 Y15.700 E214.31773
G1 F480 X34.300 Y15.300 E214.31773
G1 F480 X34.300 Y15.700 E214.32771
G1 F480 X34.300 Y17.300 E214.82661
G1 F480 X34.300 Y17.700 E215.32561
G1 F480 X34.300 Y17.700 E215.82461
G1 F480 X14.300 Y17.700 E215.83459
G1 F480 X34.300 Y17.300 E216.33349
G1 F480 X34.300 Y17.300 E216.83240
G1 F480 X14.300 Y17.300 E216.83240
G1 F480 X34.300 Y17.300 E217.33130
G1 F480 X34.300 Y17.700 E217.83020
G1 F480 X34.300 Y17.700 E218.32910
G1 F480 X34.300 Y17.700 E218.82800
G1 F480 X14.300 Y17.700 E218.82800
G1 F480 X14.300 Y17.700 E218.83798
G1 F480 X14.300 Y17.700 E218.84796
G1 F480 X14.300 Y17.700 E218.85794
G1 F480 X14.300 Y17.300 E218.85794
G1 F480 X34.300 Y17.700 E218.86792
G1 F480 X34.300 Y17.700 E218.87790
G1 F480 X34.300 Y17.300 E218.87790
G1 F480 X34.300 Y17.700 E218.88787
G1 F480 X34.300 Y19.300 E219.38678
G1 F480 X34.300 Y19.700 E219.88578
G1 F480 X34.300 Y19.700 E220.38478
G1 F480 X14.300 Y19.700 E220.39476
G1 F480 X34.300 Y19.300 E220.89366
G1 F480 X34.300 Y19.300 E221.39256
G1 F480 X14.300 Y19.300 E221.39256
G1 F480 X34.300 Y19.300 E221.89146
G1 F480 X34.300 Y19.700 E222.39036
G1 F480 X34.300 Y19.700 E222.88927
G1 F480 X34.300 Y19.700 E223.38817
G1 F480 X14.300 Y19.700 E223.38817
G1 F480 X14.300 Y19.700 E223.39815
G1 F480 X14.300 Y19.700 E223.40812
G1 F480 X14.300 Y19.700 E223.41810
G1 F480 X14.300 Y19.300 E223.41810
G1 F480 X34.300 Y19.700 E223.42808
G1 F480 X34.300 Y19.700 E223.43806
G1 F480 X34.300 Y19.300 E223.43806
G1 F480 X34.300 Y19.700 E223.44804
G1 F480 X34.300 Y21.300 E223.94694
G1 F480 X34.300 Y21.700 E224.44594
G1 F480 X34.300 Y21.700 E224.94494
G1 F480 X14.300 Y21.700 E224.95492
G1 F480 X34.300 Y21.300 E225.45382
G1 F480 X34.300 Y21.300 E225.95272
G1 F480 X14.300 Y21.300 E225.95272
G1 F480 X34.300 Y21.300 E226.45163
G1 F480 X34.300 Y21.700 E226.95053
G1 F480 X34.300 Y21.700 E227.44943
G1 F480 X34.300 Y21.700 E227.94833
G1 F480 X14.300 Y21.700 E227.94833
G1 F480 X14.300 Y21.700 E227.95831
G1 F480 X14.300 Y21.700 E227.96829
G1 F480 X14.300 Y21.700 E227.97827
G1 F480 X14.300 Y21.300 E227.97827
G1 F480 X34.300 Y21.700 E227.98824
G1 F480 X34.300 Y21.700 E227.99822
G1 F480 X34.300 Y21.300 E227.99822
G1 F480 X34.300 Y21.700 E228.00820
G1 F480 X34.300 Y23.300 E228.50710
G1 F480 X34.300 Y23.700 E229.00610
G1 F480 X34.300 Y23.700 E229.50511
G1 F480 X14.300 Y23.700 E229.51508
G1 F480 X34.300 Y23.300 E230.01399
G1 F480 X34.300 Y23.300 E230.51289
G1 F480 X14.300 Y23.300 E230.51289
G1 F480 X34.300 Y23.300 E231.01179
G1 F480 X34.300 Y23.700 E231.51069
G1 F480 X34.300 Y23.700 E232.00959
G1 F480 X34.300 Y23.700 E232.50850
G1 F480 X14.300 Y23.700 E232.50850
G1 F480 X14.300 Y23.700 E232.51847
G1 F480 X14.300 Y23.700 E232.52845
G1 F480 X14.300 Y23.700 E232.53843
G1 F480 X14.300 Y23.300 E232.53843
G1 F480 X34.300 Y23.700 E232.54841
G1 F480 X34.300 Y23.700 E232.55839
G1 F480 X34.300 Y23.300 E232.55839
G1 F480 X34.300 Y23.700 E232.56837
G1 F480 X34.300 Y25.300 E233.06727
G1 F480 X34.300 Y25.700 E233.56627
G1 F480 X34.300 Y25.700 E234.06527
G1 F480 X14.300 Y25.700 E234.07525
G1 F480 X34.300 Y25.300 E234.57415
G1 F480 X34.300 Y25.300 E235.07305
G1 F480 X14.300 Y25.300 E235.07305
G1 F480 X34.300 Y25.300 E235.57195
G1 F480 X34.300 Y25.700 E236.07086
G1 F480 X34.300 Y25.700 E236.56976
G1 F480 X34.300 Y25.700 E237.06866
G1 F480 X14.300 Y25.700 E237.06866
G1 F480 X14.300 Y25.700 E237.07864
G1 F480 X14.300 Y25.700 E237.08862
G1 F480 X14.300 Y25.700 E237.09859
G1 F480 X14.300 Y25.300 E237.09859
G1 F480 X34.300 Y25.700 E237.10857
G1 F480 X34.300 Y25.700 E237.11855
G1 F480 X34.300 Y25.300 E237.11855
G1 F480 X34.300 Y25.700 E237.12853
G1 F480 X34.300 Y27.300 E237.62743
G1 F480 X34.300 Y27.700 E238.12643
G1 F480 X34.300 Y27.700 E238.62543
G1 F480 X14.300 Y27.700 E238.63541
G1 F480 X34.300 Y27.300 E239.13431
G1 F480 X34.300 Y27.300 E239.63322
G1 F480 X14.300 Y27.300 E239.63322
G1 F480 X34.300 Y27.300 E240.13212
G1 F480 X34.300 Y27.700 E240.63102
G1 F480 X34.300 Y27.700 E241.12992
G1 F480 X34.300 Y27.700 E241.62882
G1 F480 X14.300 Y27.700 E241.62882
G1 F480 X14.300 Y27.700 E241.63880
G1 F480 X14.300 Y27.700 E241.64878
G1 F480 X14.300 Y27.700 E241.65876
G1 F480 X14.300 Y27.300 E241.65876
G1 F480 X34.300 Y27.700 E241.66874
G1 F480 X34.300 Y27.700 E241.67871
G1 F480 X34.300 Y27.300 E241.67871
G1 F480 X34.300 Y27.700 E241.68869
G1 F480 X34.300 Y29.300 E242.18760
G1 F480 X34.300 Y29.700 E242.68660
G1 F480 X34.300 Y29.700 E243.18560
G1 F480 X14.300 Y29.700 E243.19558
G1 F480 X34.300 Y29.300 E243.69448
G1 F480 X34.300 Y29.300 E244.19338
G1 F480 X14.300 Y29.300 E244.19338
G1 F480 X34.300 Y29.300 E244.69228
G1 F480 X34.300 Y29.700 E245.19118
G1 F480 X34.300 Y29.700 E245.69009
G1 F480 X34.300 Y29.700 E246.18899
G1 F480 X14.300 Y29.700 E246.18899
G1 F480 X14.300 Y29.700 E246.19897
G1 F480 X14.300 Y29.700 E246.20894
G1 F480 X14.300 Y29.700 E246.21892
G1 F480 X14.300 Y29.300 E246.21892
G1 F480 X34.300 Y29.700 E246.22890
G1 F480 X34.300 Y29.700 E246.23888
G1 F480 X34.300 Y29.300 E246.23888
G1 F480 X34.300 Y29.700 E246.24886
G1 F480 X34.300 Y31.300 E246.74776
G1 F480 X34.300 Y31.700 E247.24676
G1 F480 X34.300 Y31.700 E247.74576
G1 F480 X14.300 Y31.700 E247.75574
G1 F480 X34.300 Y31.300 E248.25464
G1 F480 X34.300 Y31.300 E248.75354
G1 F480 X14.300 Y31.300 E248.75354
G1 F480 X34.300 Y31.300 E249.25245
G1 F480 X34.300 Y31.700 E249.75135
G1 F480 X34.300 Y31.700 E250.25025
G1 F480 X34.300 Y31.700 E250.74915
G1 F480 X14.300 Y31.700 E250.74915
G1 F480 X14.300 Y31.700 E250.75913
G1 F480 X14.300 Y31.700 E250.76911
G1 F480 X14.300 Y31.700 E250.77909
G1 F480 X14.300 Y31.300 E250.77909
G1 F480 X34.300 Y31.700 E250.78906
G1 F480 X34.300 Y31.700 E250.79904
G1 F480 X34.300 Y31.300 E250.79904
G1 F480 X34.300 Y31.700 E250.80902

; Capa 9 / Z=1.35mm
G0 F6000 Z1.85 ; levantar para viaje
G0 F6000 X14.300 Y11.300 Z1.35
G1 F480 X34.300 Y11.700 E251.30802
G1 F480 X34.300 Y11.300 E251.80692
G1 F480 X14.300 Y11.700 E251.81690
G1 F480 X34.300 Y11.700 E252.31590
G1 F480 X34.300 Y11.300 E252.81481
G1 F480 X34.300 Y11.300 E253.31371
G1 F480 X14.300 Y11.300 E253.31371
G1 F480 X34.300 Y11.300 E253.81261
G1 F480 X34.300 Y11.700 E254.31151
G1 F480 X34.300 Y11.700 E254.81041
G1 F480 X34.300 Y11.700 E255.30932
G1 F480 X14.300 Y11.700 E255.30932
G1 F480 X14.300 Y11.700 E255.31929
G1 F480 X14.300 Y11.700 E255.32927
G1 F480 X14.300 Y11.700 E255.33925
G1 F480 X14.300 Y11.300 E255.33925
G1 F480 X34.300 Y11.700 E255.34923
G1 F480 X34.300 Y11.700 E255.35921
G1 F480 X34.300 Y11.300 E255.35921
G1 F480 X34.300 Y11.700 E255.36919
G1 F480 X34.300 Y13.700 E255.86819
G1 F480 X34.300 Y13.300 E256.36709
G1 F480 X14.300 Y13.700 E256.37707
G1 F480 X34.300 Y13.700 E256.87607
G1 F480 X34.300 Y13.300 E257.37497
G1 F480 X34.300 Y13.300 E257.87387
G1 F480 X14.300 Y13.300 E257.87387
G1 F480 X34.300 Y13.300 E258.37277
G1 F480 X34.300 Y13.700 E258.87168
G1 F480 X34.300 Y13.700 E259.37058
G1 F480 X34.300 Y13.700 E259.86948
G1 F480 X14.300 Y13.700 E259.86948
G1 F480 X14.300 Y13.700 E259.87946
G1 F480 X14.300 Y13.700 E259.88944
G1 F480 X14.300 Y13.700 E259.89941
G1 F480 X14.300 Y13.300 E259.89941
G1 F480 X34.300 Y13.700 E259.90939
G1 F480 X34.300 Y13.700 E259.91937
G1 F480 X34.300 Y13.300 E259.91937
G1 F480 X34.300 Y13.700 E259.92935
G1 F480 X34.300 Y15.700 E260.42835
G1 F480 X34.300 Y15.300 E260.92725
G1 F480 X14.300 Y15.700 E260.93723
G1 F480 X34.300 Y15.700 E261.43623
G1 F480 X34.300 Y15.300 E261.93513
G1 F480 X34.300 Y15.300 E262.43404
G1 F480 X14.300 Y15.300 E262.43404
G1 F480 X34.300 Y15.300 E262.93294
G1 F480 X34.300 Y15.700 E263.43184
G1 F480 X34.300 Y15.700 E263.93074
G1 F480 X34.300 Y15.700 E264.42964
G1 F480 X14.300 Y15.700 E264.42964
G1 F480 X14.300 Y15.700 E264.43962
G1 F480 X14.300 Y15.700 E264.44960
G1 F480 X14.300 Y15.700 E264.45958
G1 F480 X14.300 Y15.300 E264.45958
G1 F480 X34.300 Y15.700 E264.46956
G1 F480 X34.300 Y15.700 E264.47954
G1 F480 X34.300 Y15.300 E264.47954
G1 F480 X34.300 Y15.700 E264.48951
G1 F480 X34.300 Y17.700 E264.98851
G1 F480 X34.300 Y17.300 E265.48742
G1 F480 X14.300 Y17.700 E265.49740
G1 F480 X34.300 Y17.700 E265.99640
G1 F480 X34.300 Y17.300 E266.49530
G1 F480 X34.300 Y17.300 E266.99420
G1 F480 X14.300 Y17.300 E266.99420
G1 F480 X34.300 Y17.300 E267.49310
G1 F480 X34.300 Y17.700 E267.99200
G1 F480 X34.300 Y17.700 E268.49091
G1 F480 X34.300 Y17.700 E268.98981
G1 F480 X14.300 Y17.700 E268.98981
G1 F480 X14.300 Y17.700 E268.99979
G1 F480 X14.300 Y17.700 E269.00977
G1 F480 X14.300 Y17.700 E269.01974
G1 F480 X14.300 Y17.300 E269.01974
G1 F480 X34.300 Y17.700 E269.02972
G1 F480 X34.300 Y17.700 E269.03970
G1 F480 X34.300 Y17.300 E269.03970
G1 F480 X34.300 Y17.700 E269.04968
G1 F480 X34.300 Y19.700 E269.54868
G1 F480 X34.300 Y19.300 E270.04758
G1 F480 X14.300 Y19.700 E270.05756
G1 F480 X34.300 Y19.700 E270.55656
G1 F480 X34.300 Y19.300 E271.05546
G1 F480 X34.300 Y19.300 E271.55436
G1 F480 X14.300 Y19.300 E271.55436
G1 F480 X34.300 Y19.300 E272.05327
G1 F480 X34.300 Y19.700 E272.55217
G1 F480 X34.300 Y19.700 E273.05107
G1 F480 X34.300 Y19.700 E273.54997
G1 F480 X14.300 Y19.700 E273.54997
G1 F480 X14.300 Y19.700 E273.55995
G1 F480 X14.300 Y19.700 E273.56993
G1 F480 X14.300 Y19.700 E273.57991
G1 F480 X14.300 Y19.300 E273.57991
G1 F480 X34.300 Y19.700 E273.58989
G1 F480 X34.300 Y19.700 E273.59986
G1 F480 X34.300 Y19.300 E273.59986
G1 F480 X34.300 Y19.700 E273.60984
G1 F480 X34.300 Y21.700 E274.10884
G1 F480 X34.300 Y21.300 E274.60775
G1 F480 X14.300 Y21.700 E274.61772
G1 F480 X34.300 Y21.700 E275.11672
G1 F480 X34.300 Y21.300 E275.61563
G1 F480 X34.300 Y21.300 E276.11453
G1 F480 X14.300 Y21.300 E276.11453
G1 F480 X34.300 Y21.300 E276.61343
G1 F480 X34.300 Y21.700 E277.11233
G1 F480 X34.300 Y21.700 E277.61124
G1 F480 X34.300 Y21.700 E278.11014
G1 F480 X14.300 Y21.700 E278.11014
G1 F480 X14.300 Y21.700 E278.12012
G1 F480 X14.300 Y21.700 E278.13009
G1 F480 X14.300 Y21.700 E278.14007
G1 F480 X14.300 Y21.300 E278.14007
G1 F480 X34.300 Y21.700 E278.15005
G1 F480 X34.300 Y21.700 E278.16003
G1 F480 X34.300 Y21.300 E278.16003
G1 F480 X34.300 Y21.700 E278.17001
G1 F480 X34.300 Y23.700 E278.66901
G1 F480 X34.300 Y23.300 E279.16791
G1 F480 X14.300 Y23.700 E279.17789
G1 F480 X34.300 Y23.700 E279.67689
G1 F480 X34.300 Y23.300 E280.17579
G1 F480 X34.300 Y23.300 E280.67469
G1 F480 X14.300 Y23.300 E280.67469
G1 F480 X34.300 Y23.300 E281.17359
G1 F480 X34.300 Y23.700 E281.67250
G1 F480 X34.300 Y23.700 E282.17140
G1 F480 X34.300 Y23.700 E282.67030
G1 F480 X14.300 Y23.700 E282.67030
G1 F480 X14.300 Y23.700 E282.68028
G1 F480 X14.300 Y23.700 E282.69026
G1 F480 X14.300 Y23.700 E282.70024
G1 F480 X14.300 Y23.300 E282.70024
G1 F480 X34.300 Y23.700 E282.71021
G1 F480 X34.300 Y23.700 E282.72019
G1 F480 X34.300 Y23.300 E282.72019
G1 F480 X34.300 Y23.700 E282.73017
G1 F480 X34.300 Y25.700 E283.22917
G1 F480 X34.300 Y25.300 E283.72807
G1 F480 X14.300 Y25.700 E283.73805
G1 F480 X34.300 Y25.700 E284.23705
G1 F480 X34.300 Y25.300 E284.73595
G1 F480 X34.300 Y25.300 E285.23486
G1 F480 X14.300 Y25.300 E285.23486
G1 F480 X34.300 Y25.300 E285.73376
G1 F480 X34.300 Y25.700 E286.23266
G1 F480 X34.300 Y25.700 E286.73156
G1 F480 X34.300 Y25.700 E287.23047
G1 F480 X14.300 Y25.700 E287.23047
G1 F480 X14.300 Y25.700 E287.24044
G1 F480 X14.300 Y25.700 E287.25042
G1 F480 X14.300 Y25.700 E287.26040
G1 F480 X14.300 Y25.300 E287.26040
G1 F480 X34.300 Y25.700 E287.27038
G1 F480 X34.300 Y25.700 E287.28036
G1 F480 X34.300 Y25.300 E287.28036
G1 F480 X34.300 Y25.700 E287.29033
G1 F480 X34.300 Y27.700 E287.78933
G1 F480 X34.300 Y27.300 E288.28824
G1 F480 X14.300 Y27.700 E288.29822
G1 F480 X34.300 Y27.700 E288.79722
G1 F480 X34.300 Y27.300 E289.29612
G1 F480 X34.300 Y27.300 E289.79502
G1 F480 X14.300 Y27.300 E289.79502
G1 F480 X34.300 Y27.300 E290.29392
G1 F480 X34.300 Y27.700 E290.79282
G1 F480 X34.300 Y27.700 E291.29173
G1 F480 X34.300 Y27.700 E291.79063
G1 F480 X14.300 Y27.700 E291.79063
G1 F480 X14.300 Y27.700 E291.80061
G1 F480 X14.300 Y27.700 E291.81059
G1 F480 X14.300 Y27.700 E291.82056
G1 F480 X14.300 Y27.300 E291.82056
G1 F480 X34.300 Y27.700 E291.83054
G1 F480 X34.300 Y27.700 E291.84052
G1 F480 X34.300 Y27.300 E291.84052
G1 F480 X34.300 Y27.700 E291.85050
G1 F480 X34.300 Y29.700 E292.34950
G1 F480 X34.300 Y29.300 E292.84840
G1 F480 X14.300 Y29.700 E292.85838
G1 F480 X34.300 Y29.700 E293.35738
G1 F480 X34.300 Y29.300 E293.85628
G1 F480 X34.300 Y29.300 E294.35518
G1 F480 X14.300 Y29.300 E294.35518
G1 F480 X34.300 Y29.300 E294.85409
G1 F480 X34.300 Y29.700 E295.35299
G1 F480 X34.300 Y29.700 E295.85189
G1 F480 X34.300 Y29.700 E296.35079
G1 F480 X14.300 Y29.700 E296.35079
G1 F480 X14.300 Y29.700 E296.36077
G1 F480 X14.300 Y29.700 E296.37075
G1 F480 X14.300 Y29.700 E296.38073
G1 F480 X14.300 Y29.300 E296.38073
G1 F480 X34.300 Y29.700 E296.39071
G1 F480 X34.300 Y29.700 E296.40068
G1 F480 X34.300 Y29.300 E296.40068
G1 F480 X34.300 Y29.700 E296.41066
G1 F480 X34.300 Y31.700 E296.90966
G1 F480 X34.300 Y31.300 E297.40857
G1 F480 X14.300 Y31.700 E297.41854
G1 F480 X34.300 Y31.700 E297.91754
G1 F480 X34.300 Y31.300 E298.41645
G1 F480 X34.300 Y31.300 E298.91535
G1 F480 X14.300 Y31.300 E298.91535
G1 F480 X34.300 Y31.300 E299.41425
G1 F480 X34.300 Y31.700 E299.91315
G1 F480 X34.300 Y31.700 E300.41205
G1 F480 X34.300 Y31.700 E300.91096
G1 F480 X14.300 Y31.700 E300.91096
G1 F480 X14.300 Y31.700 E300.92094
G1 F480 X14.300 Y31.700 E300.93091
G1 F480 X14.300 Y31.700 E300.94089
G1 F480 X14.300 Y31.300 E300.94089
G1 F480 X34.300 Y31.700 E300.95087
G1 F480 X34.300 Y31.700 E300.96085
G1 F480 X34.300 Y31.300 E300.96085
G1 F480 X34.300 Y31.700 E300.97083
G1 F480 X14.700 Y11.300 E300.98080
G1 F480 X14.700 Y31.300 E301.47981
G1 F480 X14.700 Y31.300 E301.97881
G1 F480 X14.300 Y31.300 E302.47771
G1 F480 X14.700 Y11.300 E302.48769
G1 F480 X14.700 Y11.300 E302.49766
G1 F480 X14.300 Y11.300 E302.49766
G1 F480 X14.700 Y11.300 E302.50764
G1 F480 X14.700 Y31.300 E302.51762
G1 F480 X14.700 Y31.300 E302.52760
G1 F480 X14.700 Y31.300 E302.53758
G1 F480 X14.300 Y31.300 E302.53758
G1 F480 X14.300 Y31.300 E303.03648
G1 F480 X14.300 Y31.300 E303.53538
G1 F480 X14.300 Y31.300 E304.03428
G1 F480 X14.300 Y11.300 E304.03428
G1 F480 X14.700 Y31.300 E304.53319
G1 F480 X14.700 Y31.300 E305.03209
G1 F480 X14.700 Y11.300 E305.03209
G1 F480 X14.700 Y31.300 E305.53099
G1 F480 X16.700 Y11.300 E305.54097
G1 F480 X16.700 Y31.300 E306.03997
G1 F480 X16.700 Y31.300 E306.53897
G1 F480 X16.300 Y31.300 E307.03787
G1 F480 X16.700 Y11.300 E307.04785
G1 F480 X16.700 Y11.300 E307.05783
G1 F480 X16.300 Y11.300 E307.05783
G1 F480 X16.700 Y11.300 E307.06781
G1 F480 X16.700 Y31.300 E307.07779
G1 F480 X16.700 Y31.300 E307.08776
G1 F480 X16.700 Y31.300 E307.09774
G1 F480 X16.300 Y31.300 E307.09774
G1 F480 X16.300 Y31.300 E307.59664
G1 F480 X16.300 Y31.300 E308.09555
G1 F480 X16.300 Y31.300 E308.59445
G1 F480 X16.300 Y11.300 E308.59445
G1 F480 X16.700 Y31.300 E309.09335
G1 F480 X16.700 Y31.300 E309.59225
G1 F480 X16.700 Y11.300 E309.59225
G1 F480 X16.700 Y31.300 E310.09115
G1 F480 X18.700 Y11.300 E310.10113
G1 F480 X18.700 Y31.300 E310.60013
G1 F480 X18.700 Y31.300 E311.09913
G1 F480 X18.300 Y31.300 E311.59804
G1 F480 X18.700 Y11.300 E311.60802
G1 F480 X18.700 Y11.300 E311.61799
G1 F480 X18.300 Y11.300 E311.61799
G1 F480 X18.700 Y11.300 E311.62797
G1 F480 X18.700 Y31.300 E311.63795
G1 F480 X18.700 Y31.300 E311.64793
G1 F480 X18.700 Y31.300 E311.65791
G1 F480 X18.300 Y31.300 E311.65791
G1 F480 X18.300 Y31.300 E312.15681
G1 F480 X18.300 Y31.300 E312.65571
G1 F480 X18.300 Y31.300 E313.15461
G1 F480 X18.300 Y11.300 E313.15461
G1 F480 X18.700 Y31.300 E313.65351
G1 F480 X18.700 Y31.300 E314.15242
G1 F480 X18.700 Y11.300 E314.15242
G1 F480 X18.700 Y31.300 E314.65132
G1 F480 X20.700 Y11.300 E314.66130
G1 F480 X20.700 Y31.300 E315.16030
G1 F480 X20.700 Y31.300 E315.65930
G1 F480 X20.300 Y31.300 E316.15820
G1 F480 X20.700 Y11.300 E316.16818
G1 F480 X20.700 Y11.300 E316.17816
G1 F480 X20.300 Y11.300 E316.17816
G1 F480 X20.700 Y11.300 E316.18814
G1 F480 X20.700 Y31.300 E316.19811
G1 F480 X20.700 Y31.300 E316.20809
G1 F480 X20.700 Y31.300 E316.21807
G1 F480 X20.300 Y31.300 E316.21807
G1 F480 X20.300 Y31.300 E316.71697
G1 F480 X20.300 Y31.300 E317.21587
G1 F480 X20.300 Y31.300 E317.71478
G1 F480 X20.300 Y11.300 E317.71478
G1 F480 X20.700 Y31.300 E318.21368
G1 F480 X20.700 Y31.300 E318.71258
G1 F480 X20.700 Y11.300 E318.71258
G1 F480 X20.700 Y31.300 E319.21148
G1 F480 X22.700 Y11.300 E319.22146
G1 F480 X22.700 Y31.300 E319.72046
G1 F480 X22.700 Y31.300 E320.21946
G1 F480 X22.300 Y31.300 E320.71837
G1 F480 X22.700 Y11.300 E320.72834
G1 F480 X22.700 Y11.300 E320.73832
G1 F480 X22.300 Y11.300 E320.73832
G1 F480 X22.700 Y11.300 E320.74830
G1 F480 X22.700 Y31.300 E320.75828
G1 F480 X22.700 Y31.300 E320.76826
G1 F480 X22.700 Y31.300 E320.77823
G1 F480 X22.300 Y31.300 E320.77823
G1 F480 X22.300 Y31.300 E321.27714
G1 F480 X22.300 Y31.300 E321.77604
G1 F480 X22.300 Y31.300 E322.27494
G1 F480 X22.300 Y11.300 E322.27494
G1 F480 X22.700 Y31.300 E322.77384
G1 F480 X22.700 Y31.300 E323.27274
G1 F480 X22.700 Y11.300 E323.27274
G1 F480 X22.700 Y31.300 E323.77165
G1 F480 X24.700 Y11.300 E323.78162
G1 F480 X24.700 Y31.300 E324.28063
G1 F480 X24.700 Y31.300 E324.77963
G1 F480 X24.300 Y31.300 E325.27853
G1 F480 X24.700 Y11.300 E325.28851
G1 F480 X24.700 Y11.300 E325.29849
G1 F480 X24.300 Y11.300 E325.29849
G1 F480 X24.700 Y11.300 E325.30846
G1 F480 X24.700 Y31.300 E325.31844
G1 F480 X24.700 Y31.300 E325.32842
G1 F480 X24.700 Y31.300 E325.33840
G1 F480 X24.300 Y31.300 E325.33840
G1 F480 X24.300 Y31.300 E325.83730
G1 F480 X24.300 Y31.300 E326.33620
G1 F480 X24.300 Y31.300 E326.83510
G1 F480 X24.300 Y11.300 E326.83510
G1 F480 X24.700 Y31.300 E327.33401
G1 F480 X24.700 Y31.300 E327.83291
G1 F480 X24.700 Y11.300 E327.83291
G1 F480 X24.700 Y31.300 E328.33181
G1 F480 X26.700 Y11.300 E328.34179
G1 F480 X26.700 Y31.300 E328.84079
G1 F480 X26.700 Y31.300 E329.33979
G1 F480 X26.300 Y31.300 E329.83869
G1 F480 X26.700 Y11.300 E329.84867
G1 F480 X26.700 Y11.300 E329.85865
G1 F480 X26.300 Y11.300 E329.85865
G1 F480 X26.700 Y11.300 E329.86863
G1 F480 X26.700 Y31.300 E329.87861
G1 F480 X26.700 Y31.300 E329.88858
G1 F480 X26.700 Y31.300 E329.89856
G1 F480 X26.300 Y31.300 E329.89856
G1 F480 X26.300 Y31.300 E330.39746
G1 F480 X26.300 Y31.300 E330.89637
G1 F480 X26.300 Y31.300 E331.39527
G1 F480 X26.300 Y11.300 E331.39527
G1 F480 X26.700 Y31.300 E331.89417
G1 F480 X26.700 Y31.300 E332.39307
G1 F480 X26.700 Y11.300 E332.39307
G1 F480 X26.700 Y31.300 E332.89197
G1 F480 X28.700 Y11.300 E332.90195
G1 F480 X28.700 Y31.300 E333.40095
G1 F480 X28.700 Y31.300 E333.89996
G1 F480 X28.300 Y31.300 E334.39886
G1 F480 X28.700 Y11.300 E334.40884
G1 F480 X28.700 Y11.300 E334.41881
G1 F480 X28.300 Y11.300 E334.41881
G1 F480 X28.700 Y11.300 E334.42879
G1 F480 X28.700 Y31.300 E334.43877
G1 F480 X28.700 Y31.300 E334.44875
G1 F480 X28.700 Y31.300 E334.45873
G1 F480 X28.300 Y31.300 E334.45873
G1 F480 X28.300 Y31.300 E334.95763
G1 F480 X28.300 Y31.300 E335.45653
G1 F480 X28.300 Y31.300 E335.95543
G1 F480 X28.300 Y11.300 E335.95543
G1 F480 X28.700 Y31.300 E336.45433
G1 F480 X28.700 Y31.300 E336.95324
G1 F480 X28.700 Y11.300 E336.95324
G1 F480 X28.700 Y31.300 E337.45214
G1 F480 X30.700 Y11.300 E337.46212
G1 F480 X30.700 Y31.300 E337.96112
G1 F480 X30.700 Y31.300 E338.46012
G1 F480 X30.300 Y31.300 E338.95902
G1 F480 X30.700 Y11.300 E338.96900
G1 F480 X30.700 Y11.300 E338.97898
G1 F480 X30.300 Y11.300 E338.97898
G1 F480 X30.700 Y11.300 E338.98896
G1 F480 X30.700 Y31.300 E338.99893
G1 F480 X30.700 Y31.300 E339.00891
G1 F480 X30.700 Y31.300 E339.01889
G1 F480 X30.300 Y31.300 E339.01889
G1 F480 X30.300 Y31.300 E339.51779
G1 F480 X30.300 Y31.300 E340.01669
G1 F480 X30.300 Y31.300 E340.51560
G1 F480 X30.300 Y11.300 E340.51560
G1 F480 X30.700 Y31.300 E341.01450
G1 F480 X30.700 Y31.300 E341.51340
G1 F480 X30.700 Y11.300 E341.51340
G1 F480 X30.700 Y31.300 E342.01230
G1 F480 X32.700 Y11.300 E342.02228
G1 F480 X32.700 Y31.300 E342.52128
G1 F480 X32.700 Y31.300 E343.02028
G1 F480 X32.300 Y31.300 E343.51919
G1 F480 X32.700 Y11.300 E343.52916
G1 F480 X32.700 Y11.300 E343.53914
G1 F480 X32.300 Y11.300 E343.53914
G1 F480 X32.700 Y11.300 E343.54912
G1 F480 X32.700 Y31.300 E343.55910
G1 F480 X32.700 Y31.300 E343.56908
G1 F480 X32.700 Y31.300 E343.57905
G1 F480 X32.300 Y31.300 E343.57905
G1 F480 X32.300 Y31.300 E344.07796
G1 F480 X32.300 Y31.300 E344.57686
G1 F480 X32.300 Y31.300 E345.07576
G1 F480 X32.300 Y11.300 E345.07576
G1 F480 X32.700 Y31.300 E345.57466
G1 F480 X32.700 Y31.300 E346.07356
G1 F480 X32.700 Y11.300 E346.07356
G1 F480 X32.700 Y31.300 E346.57247
G1 F480 X34.700 Y11.300 E346.58244
G1 F480 X34.700 Y31.300 E347.08145
G1 F480 X34.700 Y31.300 E347.58045
G1 F480 X34.300 Y31.300 E348.07935
G1 F480 X34.700 Y11.300 E348.08933
G1 F480 X34.700 Y11.300 E348.09931
G1 F480 X34.300 Y11.300 E348.09931
G1 F480 X34.700 Y11.300 E348.10928
G1 F480 X34.700 Y31.300 E348.11926
G1 F480 X34.700 Y31.300 E348.12924
G1 F480 X34.700 Y31.300 E348.13922
G1 F480 X34.300 Y31.300 E348.13922
G1 F480 X34.300 Y31.300 E348.63812
G1 F480 X34.300 Y31.300 E349.13702
G1 F480 X34.300 Y31.300 E349.63592
G1 F480 X34.300 Y11.300 E349.63592
G1 F480 X34.700 Y31.300 E350.13483
G1 F480 X34.700 Y31.300 E350.63373
G1 F480 X34.700 Y11.300 E350.63373
G1 F480 X34.700 Y31.300 E351.13263

; Capa 11 / Z=1.65mm
G0 F6000 Z2.15 ; levantar para viaje
G0 F6000 X14.300 Y11.300 Z1.65
G1 F480 X14.700 Y31.300 E351.63163
G1 F480 X14.700 Y11.300 E351.64161
G1 F480 X14.300 Y31.300 E352.14051
G1 F480 X14.700 Y31.300 E352.63951
G1 F480 X14.700 Y11.300 E352.64949
G1 F480 X14.700 Y11.300 E352.65947
G1 F480 X14.300 Y11.300 E352.65947
G1 F480 X14.700 Y11.300 E352.66945
G1 F480 X14.700 Y31.300 E352.67943
G1 F480 X14.700 Y31.300 E352.68940
G1 F480 X14.700 Y31.300 E352.69938
G1 F480 X14.300 Y31.300 E352.69938
G1 F480 X14.300 Y31.300 E353.19828
G1 F480 X14.300 Y31.300 E353.69719
G1 F480 X14.300 Y31.300 E354.19609
G1 F480 X14.300 Y11.300 E354.19609
G1 F480 X14.700 Y31.300 E354.69499
G1 F480 X14.700 Y31.300 E355.19389
G1 F480 X14.700 Y11.300 E355.19389
G1 F480 X14.700 Y31.300 E355.69279
G1 F480 X16.700 Y31.300 E356.19180
G1 F480 X16.700 Y11.300 E356.20177
G1 F480 X16.300 Y31.300 E356.70068
G1 F480 X16.700 Y31.300 E357.19968
G1 F480 X16.700 Y11.300 E357.20966
G1 F480 X16.700 Y11.300 E357.21963
G1 F480 X16.300 Y11.300 E357.21963
G1 F480 X16.700 Y11.300 E357.22961
G1 F480 X16.700 Y31.300 E357.23959
G1 F480 X16.700 Y31.300 E357.24957
G1 F480 X16.700 Y31.300 E357.25955
G1 F480 X16.300 Y31.300 E357.25955
G1 F480 X16.300 Y31.300 E357.75845
G1 F480 X16.300 Y31.300 E358.25735
G1 F480 X16.300 Y31.300 E358.75625
G1 F480 X16.300 Y11.300 E358.75625
G1 F480 X16.700 Y31.300 E359.25515
G1 F480 X16.700 Y31.300 E359.75406
G1 F480 X16.700 Y11.300 E359.75406
G1 F480 X16.700 Y31.300 E360.25296
G1 F480 X18.700 Y31.300 E360.75196
G1 F480 X18.700 Y11.300 E360.76194
G1 F480 X18.300 Y31.300 E361.26084
G1 F480 X18.700 Y31.300 E361.75984
G1 F480 X18.700 Y11.300 E361.76982
G1 F480 X18.700 Y11.300 E361.77980
G1 F480 X18.300 Y11.300 E361.77980
G1 F480 X18.700 Y11.300 E361.78978
G1 F480 X18.700 Y31.300 E361.79975
G1 F480 X18.700 Y31.300 E361.80973
G1 F480 X18.700 Y31.300 E361.81971
G1 F480 X18.300 Y31.300 E361.81971
G1 F480 X18.300 Y31.300 E362.31861
G1 F480 X18.300 Y31.300 E362.81751
G1 F480 X18.300 Y31.300 E363.31642
G1 F480 X18.300 Y11.300 E363.31642
G1 F480 X18.700 Y31.300 E363.81532
G1 F480 X18.700 Y31.300 E364.31422
G1 F480 X18.700 Y11.300 E364.31422
G1 F480 X18.700 Y31.300 E364.81312
G1 F480 X20.700 Y31.300 E365.31212
G1 F480 X20.700 Y11.300 E365.32210
G1 F480 X20.300 Y31.300 E365.82100
G1 F480 X20.700 Y31.300 E366.32001
G1 F480 X20.700 Y11.300 E366.32998
G1 F480 X20.700 Y11.300 E366.33996
G1 F480 X20.300 Y11.300 E366.33996
G1 F480 X20.700 Y11.300 E366.34994
G1 F480 X20.700 Y31.300 E366.35992
G1 F480 X20.700 Y31.300 E366.36990
G1 F480 X20.700 Y31.300 E366.37987
G1 F480 X20.300 Y31.300 E366.37987
G1 F480 X20.300 Y31.300 E366.87878
G1 F480 X20.300 Y31.300 E367.37768
G1 F480 X20.300 Y31.300 E367.87658
G1 F480 X20.300 Y11.300 E367.87658
G1 F480 X20.700 Y31.300 E368.37548
G1 F480 X20.700 Y31.300 E368.87438
G1 F480 X20.700 Y11.300 E368.87438
G1 F480 X20.700 Y31.300 E369.37329
G1 F480 X22.700 Y31.300 E369.87229
G1 F480 X22.700 Y11.300 E369.88227
G1 F480 X22.300 Y31.300 E370.38117
G1 F480 X22.700 Y31.300 E370.88017
G1 F480 X22.700 Y11.300 E370.89015
G1 F480 X22.700 Y11.300 E370.90013
G1 F480 X22.300 Y11.300 E370.90013
G1 F480 X22.700 Y11.300 E370.91010
G1 F480 X22.700 Y31.300 E370.92008
G1 F480 X22.700 Y31.300 E370.93006
G1 F480 X22.700 Y31.300 E370.94004
G1 F480 X22.300 Y31.300 E370.94004
G1 F480 X22.300 Y31.300 E371.43894
G1 F480 X22.300 Y31.300 E371.93784
G1 F480 X22.300 Y31.300 E372.43674
G1 F480 X22.300 Y11.300 E372.43674
G1 F480 X22.700 Y31.300 E372.93565
G1 F480 X22.700 Y31.300 E373.43455
G1 F480 X22.700 Y11.300 E373.43455
G1 F480 X22.700 Y31.300 E373.93345
G1 F480 X24.700 Y31.300 E374.43245
G1 F480 X24.700 Y11.300 E374.44243
G1 F480 X24.300 Y31.300 E374.94133
G1 F480 X24.700 Y31.300 E375.44033
G1 F480 X24.700 Y11.300 E375.45031
G1 F480 X24.700 Y11.300 E375.46029
G1 F480 X24.300 Y11.300 E375.46029
G1 F480 X24.700 Y11.300 E375.47027
G1 F480 X24.700 Y31.300 E375.48025
G1 F480 X24.700 Y31.300 E375.49022
G1 F480 X24.700 Y31.300 E375.50020
G1 F480 X24.300 Y31.300 E375.50020
G1 F480 X24.300 Y31.300 E375.99910
G1 F480 X24.300 Y31.300 E376.49801
G1 F480 X24.300 Y31.300 E376.99691
G1 F480 X24.300 Y11.300 E376.99691
G1 F480 X24.700 Y31.300 E377.49581
G1 F480 X24.700 Y31.300 E377.99471
G1 F480 X24.700 Y11.300 E377.99471
G1 F480 X24.700 Y31.300 E378.49361
G1 F480 X26.700 Y31.300 E378.99262
G1 F480 X26.700 Y11.300 E379.00259
G1 F480 X26.300 Y31.300 E379.50150
G1 F480 X26.700 Y31.300 E380.00050
G1 F480 X26.700 Y11.300 E380.01048
G1 F480 X26.700 Y11.300 E380.02045
G1 F480 X26.300 Y11.300 E380.02045
G1 F480 X26.700 Y11.300 E380.03043
G1 F480 X26.700 Y31.300 E380.04041
G1 F480 X26.700 Y31.300 E380.05039
G1 F480 X26.700 Y31.300 E380.06037
G1 F480 X26.300 Y31.300 E380.06037
G1 F480 X26.300 Y31.300 E380.55927
G1 F480 X26.300 Y31.300 E381.05817
G1 F480 X26.300 Y31.300 E381.55707
G1 F480 X26.300 Y11.300 E381.55707
G1 F480 X26.700 Y31.300 E382.05597
G1 F480 X26.700 Y31.300 E382.55488
G1 F480 X26.700 Y11.300 E382.55488
G1 F480 X26.700 Y31.300 E383.05378
G1 F480 X28.700 Y31.300 E383.55278
G1 F480 X28.700 Y11.300 E383.56276
G1 F480 X28.300 Y31.300 E384.06166
G1 F480 X28.700 Y31.300 E384.56066
G1 F480 X28.700 Y11.300 E384.57064
G1 F480 X28.700 Y11.300 E384.58062
G1 F480 X28.300 Y11.300 E384.58062
G1 F480 X28.700 Y11.300 E384.59060
G1 F480 X28.700 Y31.300 E384.60057
G1 F480 X28.700 Y31.300 E384.61055
G1 F480 X28.700 Y31.300 E384.62053
G1 F480 X28.300 Y31.300 E384.62053
G1 F480 X28.300 Y31.300 E385.11943
G1 F480 X28.300 Y31.300 E385.61833
G1 F480 X28.300 Y31.300 E386.11724
G1 F480 X28.300 Y11.300 E386.11724
G1 F480 X28.700 Y31.300 E386.61614
G1 F480 X28.700 Y31.300 E387.11504
G1 F480 X28.700 Y11.300 E387.11504
G1 F480 X28.700 Y31.300 E387.61394
G1 F480 X30.700 Y31.300 E388.11294
G1 F480 X30.700 Y11.300 E388.12292
G1 F480 X30.300 Y31.300 E388.62182
G1 F480 X30.700 Y31.300 E389.12083
G1 F480 X30.700 Y11.300 E389.13080
G1 F480 X30.700 Y11.300 E389.14078
G1 F480 X30.300 Y11.300 E389.14078
G1 F480 X30.700 Y11.300 E389.15076
G1 F480 X30.700 Y31.300 E389.16074
G1 F480 X30.700 Y31.300 E389.17072
G1 F480 X30.700 Y31.300 E389.18069
G1 F480 X30.300 Y31.300 E389.18069
G1 F480 X30.300 Y31.300 E389.67960
G1 F480 X30.300 Y31.300 E390.17850
G1 F480 X30.300 Y31.300 E390.67740
G1 F480 X30.300 Y11.300 E390.67740
G1 F480 X30.700 Y31.300 E391.17630
G1 F480 X30.700 Y31.300 E391.67520
G1 F480 X30.700 Y11.300 E391.67520
G1 F480 X30.700 Y31.300 E392.17411
G1 F480 X32.700 Y31.300 E392.67311
G1 F480 X32.700 Y11.300 E392.68309
G1 F480 X32.300 Y31.300 E393.18199
G1 F480 X32.700 Y31.300 E393.68099
G1 F480 X32.700 Y11.300 E393.69097
G1 F480 X32.700 Y11.300 E393.70095
G1 F480 X32.300 Y11.300 E393.70095
G1 F480 X32.700 Y11.300 E393.71092
G1 F480 X32.700 Y31.300 E393.72090
G1 F480 X32.700 Y31.300 E393.73088
G1 F480 X32.700 Y31.300 E393.74086
G1 F480 X32.300 Y31.300 E393.74086
G1 F480 X32.300 Y31.300 E394.23976
G1 F480 X32.300 Y31.300 E394.73866
G1 F480 X32.300 Y31.300 E395.23756
G1 F480 X32.300 Y11.300 E395.23756
G1 F480 X32.700 Y31.300 E395.73647
G1 F480 X32.700 Y31.300 E396.23537
G1 F480 X32.700 Y11.300 E396.23537
G1 F480 X32.700 Y31.300 E396.73427
G1 F480 X34.700 Y31.300 E397.23327
G1 F480 X34.700 Y11.300 E397.24325
G1 F480 X34.300 Y31.300 E397.74215
G1 F480 X34.700 Y31.300 E398.24115
G1 F480 X34.700 Y11.300 E398.25113
G1 F480 X34.700 Y11.300 E398.26111
G1 F480 X34.300 Y11.300 E398.26111
G1 F480 X34.700 Y11.300 E398.27109
G1 F480 X34.700 Y31.300 E398.28107
G1 F480 X34.700 Y31.300 E398.29104
G1 F480 X34.700 Y31.300 E398.30102
G1 F480 X34.300 Y31.300 E398.30102
G1 F480 X34.300 Y31.300 E398.79992
G1 F480 X34.300 Y31.300 E399.29883
G1 F480 X34.300 Y31.300 E399.79773
G1 F480 X34.300 Y11.300 E399.79773
G1 F480 X34.700 Y31.300 E400.29663
G1 F480 X34.700 Y31.300 E400.79553
G1 F480 X34.700 Y11.300 E400.79553
G1 F480 X34.700 Y31.300 E401.29443
G0 F6000 Z3.65
G92 E0 ; reset extrusor tras pocillo 1

; --- Pocillo 3 | Modelo: scaffold_rectangular ---
; Centro: (102.5, 21.5) mm
; Capas: 11

; Capa 1 / Z=0.15mm
G0 F6000 Z0.65 ; levantar para viaje
G0 F6000 X92.300 Y11.300 Z0.15
G1 F480 X112.300 Y11.300 E0.49890
G1 F480 X112.300 Y11.700 E0.99790
G1 F480 X112.300 Y11.700 E1.49691
G1 F480 X92.300 Y11.700 E1.50688
G1 F480 X112.300 Y11.300 E2.00579
G1 F480 X112.300 Y11.300 E2.50469
G1 F480 X92.300 Y11.300 E2.50469
G1 F480 X112.300 Y11.300 E3.00359
G1 F480 X112.300 Y11.700 E3.50249
G1 F480 X112.300 Y11.700 E4.00139
G1 F480 X112.300 Y11.700 E4.50030
G1 F480 X92.300 Y11.700 E4.50030
G1 F480 X92.300 Y11.700 E4.51027
G1 F480 X92.300 Y11.700 E4.52025
G1 F480 X92.300 Y11.700 E4.53023
G1 F480 X92.300 Y11.300 E4.53023
G1 F480 X112.300 Y11.700 E4.54021
G1 F480 X112.300 Y11.700 E4.55019
G1 F480 X112.300 Y11.300 E4.55019
G1 F480 X112.300 Y11.700 E4.56016
G1 F480 X112.300 Y13.300 E5.05907
G1 F480 X112.300 Y13.700 E5.55807
G1 F480 X112.300 Y13.700 E6.05707
G1 F480 X92.300 Y13.700 E6.06705
G1 F480 X112.300 Y13.300 E6.56595
G1 F480 X112.300 Y13.300 E7.06485
G1 F480 X92.300 Y13.300 E7.06485
G1 F480 X112.300 Y13.300 E7.56375
G1 F480 X112.300 Y13.700 E8.06266
G1 F480 X112.300 Y13.700 E8.56156
G1 F480 X112.300 Y13.700 E9.06046
G1 F480 X92.300 Y13.700 E9.06046
G1 F480 X92.300 Y13.700 E9.07044
G1 F480 X92.300 Y13.700 E9.08042
G1 F480 X92.300 Y13.700 E9.09039
G1 F480 X92.300 Y13.300 E9.09039
G1 F480 X112.300 Y13.700 E9.10037
G1 F480 X112.300 Y13.700 E9.11035
G1 F480 X112.300 Y13.300 E9.11035
G1 F480 X112.300 Y13.700 E9.12033
G1 F480 X112.300 Y15.300 E9.61923
G1 F480 X112.300 Y15.700 E10.11823
G1 F480 X112.300 Y15.700 E10.61723
G1 F480 X92.300 Y15.700 E10.62721
G1 F480 X112.300 Y15.300 E11.12611
G1 F480 X112.300 Y15.300 E11.62502
G1 F480 X92.300 Y15.300 E11.62502
G1 F480 X112.300 Y15.300 E12.12392
G1 F480 X112.300 Y15.700 E12.62282
G1 F480 X112.300 Y15.700 E13.12172
G1 F480 X112.300 Y15.700 E13.62062
G1 F480 X92.300 Y15.700 E13.62062
G1 F480 X92.300 Y15.700 E13.63060
G1 F480 X92.300 Y15.700 E13.64058
G1 F480 X92.300 Y15.700 E13.65056
G1 F480 X92.300 Y15.300 E13.65056
G1 F480 X112.300 Y15.700 E13.66054
G1 F480 X112.300 Y15.700 E13.67051
G1 F480 X112.300 Y15.300 E13.67051
G1 F480 X112.300 Y15.700 E13.68049
G1 F480 X112.300 Y17.300 E14.17939
G1 F480 X112.300 Y17.700 E14.67840
G1 F480 X112.300 Y17.700 E15.17740
G1 F480 X92.300 Y17.700 E15.18738
G1 F480 X112.300 Y17.300 E15.68628
G1 F480 X112.300 Y17.300 E16.18518
G1 F480 X92.300 Y17.300 E16.18518
G1 F480 X112.300 Y17.300 E16.68408
G1 F480 X112.300 Y17.700 E17.18298
G1 F480 X112.300 Y17.700 E17.68189
G1 F480 X112.300 Y17.700 E18.18079
G1 F480 X92.300 Y17.700 E18.18079
G1 F480 X92.300 Y17.700 E18.19077
G1 F480 X92.300 Y17.700 E18.20074
G1 F480 X92.300 Y17.700 E18.21072
G1 F480 X92.300 Y17.300 E18.21072
G1 F480 X112.300 Y17.700 E18.22070
G1 F480 X112.300 Y17.700 E18.23068
G1 F480 X112.300 Y17.300 E18.23068
G1 F480 X112.300 Y17.700 E18.24066
G1 F480 X112.300 Y19.300 E18.73956
G1 F480 X112.300 Y19.700 E19.23856
G1 F480 X112.300 Y19.700 E19.73756
G1 F480 X92.300 Y19.700 E19.74754
G1 F480 X112.300 Y19.300 E20.24644
G1 F480 X112.300 Y19.300 E20.74534
G1 F480 X92.300 Y19.300 E20.74534
G1 F480 X112.300 Y19.300 E21.24425
G1 F480 X112.300 Y19.700 E21.74315
G1 F480 X112.300 Y19.700 E22.24205
G1 F480 X112.300 Y19.700 E22.74095
G1 F480 X92.300 Y19.700 E22.74095
G1 F480 X92.300 Y19.700 E22.75093
G1 F480 X92.300 Y19.700 E22.76091
G1 F480 X92.300 Y19.700 E22.77089
G1 F480 X92.300 Y19.300 E22.77089
G1 F480 X112.300 Y19.700 E22.78086
G1 F480 X112.300 Y19.700 E22.79084
G1 F480 X112.300 Y19.300 E22.79084
G1 F480 X112.300 Y19.700 E22.80082
G1 F480 X112.300 Y21.300 E23.29972
G1 F480 X112.300 Y21.700 E23.79872
G1 F480 X112.300 Y21.700 E24.29773
G1 F480 X92.300 Y21.700 E24.30770
G1 F480 X112.300 Y21.300 E24.80661
G1 F480 X112.300 Y21.300 E25.30551
G1 F480 X92.300 Y21.300 E25.30551
G1 F480 X112.300 Y21.300 E25.80441
G1 F480 X112.300 Y21.700 E26.30331
G1 F480 X112.300 Y21.700 E26.80221
G1 F480 X112.300 Y21.700 E27.30112
G1 F480 X92.300 Y21.700 E27.30112
G1 F480 X92.300 Y21.700 E27.31109
G1 F480 X92.300 Y21.700 E27.32107
G1 F480 X92.300 Y21.700 E27.33105
G1 F480 X92.300 Y21.300 E27.33105
G1 F480 X112.300 Y21.700 E27.34103
G1 F480 X112.300 Y21.700 E27.35101
G1 F480 X112.300 Y21.300 E27.35101
G1 F480 X112.300 Y21.700 E27.36098
G1 F480 X112.300 Y23.300 E27.85989
G1 F480 X112.300 Y23.700 E28.35889
G1 F480 X112.300 Y23.700 E28.85789
G1 F480 X92.300 Y23.700 E28.86787
G1 F480 X112.300 Y23.300 E29.36677
G1 F480 X112.300 Y23.300 E29.86567
G1 F480 X92.300 Y23.300 E29.86567
G1 F480 X112.300 Y23.300 E30.36457
G1 F480 X112.300 Y23.700 E30.86348
G1 F480 X112.300 Y23.700 E31.36238
G1 F480 X112.300 Y23.700 E31.86128
G1 F480 X92.300 Y23.700 E31.86128
G1 F480 X92.300 Y23.700 E31.87126
G1 F480 X92.300 Y23.700 E31.88124
G1 F480 X92.300 Y23.700 E31.89121
G1 F480 X92.300 Y23.300 E31.89121
G1 F480 X112.300 Y23.700 E31.90119
G1 F480 X112.300 Y23.700 E31.91117
G1 F480 X112.300 Y23.300 E31.91117
G1 F480 X112.300 Y23.700 E31.92115
G1 F480 X112.300 Y25.300 E32.42005
G1 F480 X112.300 Y25.700 E32.91905
G1 F480 X112.300 Y25.700 E33.41805
G1 F480 X92.300 Y25.700 E33.42803
G1 F480 X112.300 Y25.300 E33.92693
G1 F480 X112.300 Y25.300 E34.42584
G1 F480 X92.300 Y25.300 E34.42584
G1 F480 X112.300 Y25.300 E34.92474
G1 F480 X112.300 Y25.700 E35.42364
G1 F480 X112.300 Y25.700 E35.92254
G1 F480 X112.300 Y25.700 E36.42144
G1 F480 X92.300 Y25.700 E36.42144
G1 F480 X92.300 Y25.700 E36.43142
G1 F480 X92.300 Y25.700 E36.44140
G1 F480 X92.300 Y25.700 E36.45138
G1 F480 X92.300 Y25.300 E36.45138
G1 F480 X112.300 Y25.700 E36.46136
G1 F480 X112.300 Y25.700 E36.47133
G1 F480 X112.300 Y25.300 E36.47133
G1 F480 X112.300 Y25.700 E36.48131
G1 F480 X112.300 Y27.300 E36.98021
G1 F480 X112.300 Y27.700 E37.47922
G1 F480 X112.300 Y27.700 E37.97822
G1 F480 X92.300 Y27.700 E37.98820
G1 F480 X112.300 Y27.300 E38.48710
G1 F480 X112.300 Y27.300 E38.98600
G1 F480 X92.300 Y27.300 E38.98600
G1 F480 X112.300 Y27.300 E39.48490
G1 F480 X112.300 Y27.700 E39.98380
G1 F480 X112.300 Y27.700 E40.48271
G1 F480 X112.300 Y27.700 E40.98161
G1 F480 X92.300 Y27.700 E40.98161
G1 F480 X92.300 Y27.700 E40.99159
G1 F480 X92.300 Y27.700 E41.00156
G1 F480 X92.300 Y27.700 E41.01154
G1 F480 X92.300 Y27.300 E41.01154
G1 F480 X112.300 Y27.700 E41.02152
G1 F480 X112.300 Y27.700 E41.03150
G1 F480 X112.300 Y27.300 E41.03150
G1 F480 X112.300 Y27.700 E41.04148
G1 F480 X112.300 Y29.300 E41.54038
G1 F480 X112.300 Y29.700 E42.03938
G1 F480 X112.300 Y29.700 E42.53838
G1 F480 X92.300 Y29.700 E42.54836
G1 F480 X112.300 Y29.300 E43.04726
G1 F480 X112.300 Y29.300 E43.54616
G1 F480 X92.300 Y29.300 E43.54616
G1 F480 X112.300 Y29.300 E44.04507
G1 F480 X112.300 Y29.700 E44.54397
G1 F480 X112.300 Y29.700 E45.04287
G1 F480 X112.300 Y29.700 E45.54177
G1 F480 X92.300 Y29.700 E45.54177
G1 F480 X92.300 Y29.700 E45.55175
G1 F480 X92.300 Y29.700 E45.56173
G1 F480 X92.300 Y29.700 E45.57171
G1 F480 X92.300 Y29.300 E45.57171
G1 F480 X112.300 Y29.700 E45.58168
G1 F480 X112.300 Y29.700 E45.59166
G1 F480 X112.300 Y29.300 E45.59166
G1 F480 X112.300 Y29.700 E45.60164
G1 F480 X112.300 Y31.300 E46.10054
G1 F480 X112.300 Y31.700 E46.59954
G1 F480 X112.300 Y31.700 E47.09855
G1 F480 X92.300 Y31.700 E47.10852
G1 F480 X112.300 Y31.300 E47.60743
G1 F480 X112.300 Y31.300 E48.10633
G1 F480 X92.300 Y31.300 E48.10633
G1 F480 X112.300 Y31.300 E48.60523
G1 F480 X112.300 Y31.700 E49.10413
G1 F480 X112.300 Y31.700 E49.60303
G1 F480 X112.300 Y31.700 E50.10194
G1 F480 X92.300 Y31.700 E50.10194
G1 F480 X92.300 Y31.700 E50.11191
G1 F480 X92.300 Y31.700 E50.12189
G1 F480 X92.300 Y31.700 E50.13187
G1 F480 X92.300 Y31.300 E50.13187
G1 F480 X112.300 Y31.700 E50.14185
G1 F480 X112.300 Y31.700 E50.15183
G1 F480 X112.300 Y31.300 E50.15183
G1 F480 X112.300 Y31.700 E50.16180

; Capa 3 / Z=0.45mm
G0 F6000 Z0.95 ; levantar para viaje
G0 F6000 X92.300 Y11.300 Z0.45
G1 F480 X112.300 Y11.700 E50.66081
G1 F480 X112.300 Y11.300 E51.15971
G1 F480 X92.300 Y11.700 E51.16969
G1 F480 X112.300 Y11.700 E51.66869
G1 F480 X112.300 Y11.300 E52.16759
G1 F480 X112.300 Y11.300 E52.66649
G1 F480 X92.300 Y11.300 E52.66649
G1 F480 X112.300 Y11.300 E53.16539
G1 F480 X112.300 Y11.700 E53.66430
G1 F480 X112.300 Y11.700 E54.16320
G1 F480 X112.300 Y11.700 E54.66210
G1 F480 X92.300 Y11.700 E54.66210
G1 F480 X92.300 Y11.700 E54.67208
G1 F480 X92.300 Y11.700 E54.68206
G1 F480 X92.300 Y11.700 E54.69203
G1 F480 X92.300 Y11.300 E54.69203
G1 F480 X112.300 Y11.700 E54.70201
G1 F480 X112.300 Y11.700 E54.71199
G1 F480 X112.300 Y11.300 E54.71199
G1 F480 X112.300 Y11.700 E54.72197
G1 F480 X112.300 Y13.700 E55.22097
G1 F480 X112.300 Y13.300 E55.71987
G1 F480 X92.300 Y13.700 E55.72985
G1 F480 X112.300 Y13.700 E56.22885
G1 F480 X112.300 Y13.300 E56.72775
G1 F480 X112.300 Y13.300 E57.22666
G1 F480 X92.300 Y13.300 E57.22666
G1 F480 X112.300 Y13.300 E57.72556
G1 F480 X112.300 Y13.700 E58.22446
G1 F480 X112.300 Y13.700 E58.72336
G1 F480 X112.300 Y13.700 E59.22226
G1 F480 X92.300 Y13.700 E59.22226
G1 F480 X92.300 Y13.700 E59.23224
G1 F480 X92.300 Y13.700 E59.24222
G1 F480 X92.300 Y13.700 E59.25220
G1 F480 X92.300 Y13.300 E59.25220
G1 F480 X112.300 Y13.700 E59.26218
G1 F480 X112.300 Y13.700 E59.27215
G1 F480 X112.300 Y13.300 E59.27215
G1 F480 X112.300 Y13.700 E59.28213
G1 F480 X112.300 Y15.700 E59.78113
G1 F480 X112.300 Y15.300 E60.28004
G1 F480 X92.300 Y15.700 E60.29001
G1 F480 X112.300 Y15.700 E60.78902
G1 F480 X112.300 Y15.300 E61.28792
G1 F480 X112.300 Y15.300 E61.78682
G1 F480 X92.300 Y15.300 E61.78682
G1 F480 X112.300 Y15.300 E62.28572
G1 F480 X112.300 Y15.700 E62.78462
G1 F480 X112.300 Y15.700 E63.28353
G1 F480 X112.300 Y15.700 E63.78243
G1 F480 X92.300 Y15.700 E63.78243
G1 F480 X92.300 Y15.700 E63.79241
G1 F480 X92.300 Y15.700 E63.80238
G1 F480 X92.300 Y15.700 E63.81236
G1 F480 X92.300 Y15.300 E63.81236
G1 F480 X112.300 Y15.700 E63.82234
G1 F480 X112.300 Y15.700 E63.83232
G1 F480 X112.300 Y15.300 E63.83232
G1 F480 X112.300 Y15.700 E63.84230
G1 F480 X112.300 Y17.700 E64.34130
G1 F480 X112.300 Y17.300 E64.84020
G1 F480 X92.300 Y17.700 E64.85018
G1 F480 X112.300 Y17.700 E65.34918
G1 F480 X112.300 Y17.300 E65.84808
G1 F480 X112.300 Y17.300 E66.34698
G1 F480 X92.300 Y17.300 E66.34698
G1 F480 X112.300 Y17.300 E66.84589
G1 F480 X112.300 Y17.700 E67.34479
G1 F480 X112.300 Y17.700 E67.84369
G1 F480 X112.300 Y17.700 E68.34259
G1 F480 X92.300 Y17.700 E68.34259
G1 F480 X92.300 Y17.700 E68.35257
G1 F480 X92.300 Y17.700 E68.36255
G1 F480 X92.300 Y17.700 E68.37253
G1 F480 X92.300 Y17.300 E68.37253
G1 F480 X112.300 Y17.700 E68.38250
G1 F480 X112.300 Y17.700 E68.39248
G1 F480 X112.300 Y17.300 E68.39248
G1 F480 X112.300 Y17.700 E68.40246
G1 F480 X112.300 Y19.700 E68.90146
G1 F480 X112.300 Y19.300 E69.40036
G1 F480 X92.300 Y19.700 E69.41034
G1 F480 X112.300 Y19.700 E69.90934
G1 F480 X112.300 Y19.300 E70.40825
G1 F480 X112.300 Y19.300 E70.90715
G1 F480 X92.300 Y19.300 E70.90715
G1 F480 X112.300 Y19.300 E71.40605
G1 F480 X112.300 Y19.700 E71.90495
G1 F480 X112.300 Y19.700 E72.40385
G1 F480 X112.300 Y19.700 E72.90276
G1 F480 X92.300 Y19.700 E72.90276
G1 F480 X92.300 Y19.700 E72.91273
G1 F480 X92.300 Y19.700 E72.92271
G1 F480 X92.300 Y19.700 E72.93269
G1 F480 X92.300 Y19.300 E72.93269
G1 F480 X112.300 Y19.700 E72.94267
G1 F480 X112.300 Y19.700 E72.95265
G1 F480 X112.300 Y19.300 E72.95265
G1 F480 X112.300 Y19.700 E72.96262
G1 F480 X112.300 Y21.700 E73.46163
G1 F480 X112.300 Y21.300 E73.96053
G1 F480 X92.300 Y21.700 E73.97051
G1 F480 X112.300 Y21.700 E74.46951
G1 F480 X112.300 Y21.300 E74.96841
G1 F480 X112.300 Y21.300 E75.46731
G1 F480 X92.300 Y21.300 E75.46731
G1 F480 X112.300 Y21.300 E75.96621
G1 F480 X112.300 Y21.700 E76.46512
G1 F480 X112.300 Y21.700 E76.96402
G1 F480 X112.300 Y21.700 E77.46292
G1 F480 X92.300 Y21.700 E77.46292
G1 F480 X92.300 Y21.700 E77.47290
G1 F480 X92.300 Y21.700 E77.48288
G1 F480 X92.300 Y21.700 E77.49285
G1 F480 X92.300 Y21.300 E77.49285
G1 F480 X112.300 Y21.700 E77.50283
G1 F480 X112.300 Y21.700 E77.51281
G1 F480 X112.300 Y21.300 E77.51281
G1 F480 X112.300 Y21.700 E77.52279
G1 F480 X112.300 Y23.700 E78.02179
G1 F480 X112.300 Y23.300 E78.52069
G1 F480 X92.300 Y23.700 E78.53067
G1 F480 X112.300 Y23.700 E79.02967
G1 F480 X112.300 Y23.300 E79.52857
G1 F480 X112.300 Y23.300 E80.02748
G1 F480 X92.300 Y23.300 E80.02748
G1 F480 X112.300 Y23.300 E80.52638
G1 F480 X112.300 Y23.700 E81.02528
G1 F480 X112.300 Y23.700 E81.52418
G1 F480 X112.300 Y23.700 E82.02308
G1 F480 X92.300 Y23.700 E82.02308
G1 F480 X92.300 Y23.700 E82.03306
G1 F480 X92.300 Y23.700 E82.04304
G1 F480 X92.300 Y23.700 E82.05302
G1 F480 X92.300 Y23.300 E82.05302
G1 F480 X112.300 Y23.700 E82.06300
G1 F480 X112.300 Y23.700 E82.07297
G1 F480 X112.300 Y23.300 E82.07297
G1 F480 X112.300 Y23.700 E82.08295
G1 F480 X112.300 Y25.700 E82.58195
G1 F480 X112.300 Y25.300 E83.08086
G1 F480 X92.300 Y25.700 E83.09083
G1 F480 X112.300 Y25.700 E83.58984
G1 F480 X112.300 Y25.300 E84.08874
G1 F480 X112.300 Y25.300 E84.58764
G1 F480 X92.300 Y25.300 E84.58764
G1 F480 X112.300 Y25.300 E85.08654
G1 F480 X112.300 Y25.700 E85.58544
G1 F480 X112.300 Y25.700 E86.08435
G1 F480 X112.300 Y25.700 E86.58325
G1 F480 X92.300 Y25.700 E86.58325
G1 F480 X92.300 Y25.700 E86.59323
G1 F480 X92.300 Y25.700 E86.60320
G1 F480 X92.300 Y25.700 E86.61318
G1 F480 X92.300 Y25.300 E86.61318
G1 F480 X112.300 Y25.700 E86.62316
G1 F480 X112.300 Y25.700 E86.63314
G1 F480 X112.300 Y25.300 E86.63314
G1 F480 X112.300 Y25.700 E86.64312
G1 F480 X112.300 Y27.700 E87.14212
G1 F480 X112.300 Y27.300 E87.64102
G1 F480 X92.300 Y27.700 E87.65100
G1 F480 X112.300 Y27.700 E88.15000
G1 F480 X112.300 Y27.300 E88.64890
G1 F480 X112.300 Y27.300 E89.14780
G1 F480 X92.300 Y27.300 E89.14780
G1 F480 X112.300 Y27.300 E89.64671
G1 F480 X112.300 Y27.700 E90.14561
G1 F480 X112.300 Y27.700 E90.64451
G1 F480 X112.300 Y27.700 E91.14341
G1 F480 X92.300 Y27.700 E91.14341
G1 F480 X92.300 Y27.700 E91.15339
G1 F480 X92.300 Y27.700 E91.16337
G1 F480 X92.300 Y27.700 E91.17335
G1 F480 X92.300 Y27.300 E91.17335
G1 F480 X112.300 Y27.700 E91.18332
G1 F480 X112.300 Y27.700 E91.19330
G1 F480 X112.300 Y27.300 E91.19330
G1 F480 X112.300 Y27.700 E91.20328
G1 F480 X112.300 Y29.700 E91.70228
G1 F480 X112.300 Y29.300 E92.20118
G1 F480 X92.300 Y29.700 E92.21116
G1 F480 X112.300 Y29.700 E92.71016
G1 F480 X112.300 Y29.300 E93.20907
G1 F480 X112.300 Y29.300 E93.70797
G1 F480 X92.300 Y29.300 E93.70797
G1 F480 X112.300 Y29.300 E94.20687
G1 F480 X112.300 Y29.700 E94.70577
G1 F480 X112.300 Y29.700 E95.20467
G1 F480 X112.300 Y29.700 E95.70358
G1 F480 X92.300 Y29.700 E95.70358
G1 F480 X92.300 Y29.700 E95.71355
G1 F480 X92.300 Y29.700 E95.72353
G1 F480 X92.300 Y29.700 E95.73351
G1 F480 X92.300 Y29.300 E95.73351
G1 F480 X112.300 Y29.700 E95.74349
G1 F480 X112.300 Y29.700 E95.75347
G1 F480 X112.300 Y29.300 E95.75347
G1 F480 X112.300 Y29.700 E95.76344
G1 F480 X112.300 Y31.700 E96.26245
G1 F480 X112.300 Y31.300 E96.76135
G1 F480 X92.300 Y31.700 E96.77133
G1 F480 X112.300 Y31.700 E97.27033
G1 F480 X112.300 Y31.300 E97.76923
G1 F480 X112.300 Y31.300 E98.26813
G1 F480 X92.300 Y31.300 E98.26813
G1 F480 X112.300 Y31.300 E98.76703
G1 F480 X112.300 Y31.700 E99.26594
G1 F480 X112.300 Y31.700 E99.76484
G1 F480 X112.300 Y31.700 E100.26374
G1 F480 X92.300 Y31.700 E100.26374
G1 F480 X92.300 Y31.700 E100.27372
G1 F480 X92.300 Y31.700 E100.28370
G1 F480 X92.300 Y31.700 E100.29367
G1 F480 X92.300 Y31.300 E100.29367
G1 F480 X112.300 Y31.700 E100.30365
G1 F480 X112.300 Y31.700 E100.31363
G1 F480 X112.300 Y31.300 E100.31363
G1 F480 X112.300 Y31.700 E100.32361
G1 F480 X92.700 Y11.300 E100.33359
G1 F480 X92.700 Y31.300 E100.83259
G1 F480 X92.700 Y31.300 E101.33159
G1 F480 X92.300 Y31.300 E101.83049
G1 F480 X92.700 Y11.300 E101.84047
G1 F480 X92.700 Y11.300 E101.85045
G1 F480 X92.300 Y11.300 E101.85045
G1 F480 X92.700 Y11.300 E101.86043
G1 F480 X92.700 Y31.300 E101.87040
G1 F480 X92.700 Y31.300 E101.88038
G1 F480 X92.700 Y31.300 E101.89036
G1 F480 X92.300 Y31.300 E101.89036
G1 F480 X92.300 Y31.300 E102.38926
G1 F480 X92.300 Y31.300 E102.88816
G1 F480 X92.300 Y31.300 E103.38707
G1 F480 X92.300 Y11.300 E103.38707
G1 F480 X92.700 Y31.300 E103.88597
G1 F480 X92.700 Y31.300 E104.38487
G1 F480 X92.700 Y11.300 E104.38487
G1 F480 X92.700 Y31.300 E104.88377
G1 F480 X94.700 Y11.300 E104.89375
G1 F480 X94.700 Y31.300 E105.39275
G1 F480 X94.700 Y31.300 E105.89175
G1 F480 X94.300 Y31.300 E106.39066
G1 F480 X94.700 Y11.300 E106.40063
G1 F480 X94.700 Y11.300 E106.41061
G1 F480 X94.300 Y11.300 E106.41061
G1 F480 X94.700 Y11.300 E106.42059
G1 F480 X94.700 Y31.300 E106.43057
G1 F480 X94.700 Y31.300 E106.44055
G1 F480 X94.700 Y31.300 E106.45052
G1 F480 X94.300 Y31.300 E106.45052
G1 F480 X94.300 Y31.300 E106.94943
G1 F480 X94.300 Y31.300 E107.44833
G1 F480 X94.300 Y31.300 E107.94723
G1 F480 X94.300 Y11.300 E107.94723
G1 F480 X94.700 Y31.300 E108.44613
G1 F480 X94.700 Y31.300 E108.94503
G1 F480 X94.700 Y11.300 E108.94503
G1 F480 X94.700 Y31.300 E109.44394
G1 F480 X96.700 Y11.300 E109.45391
G1 F480 X96.700 Y31.300 E109.95292
G1 F480 X96.700 Y31.300 E110.45192
G1 F480 X96.300 Y31.300 E110.95082
G1 F480 X96.700 Y11.300 E110.96080
G1 F480 X96.700 Y11.300 E110.97078
G1 F480 X96.300 Y11.300 E110.97078
G1 F480 X96.700 Y11.300 E110.98075
G1 F480 X96.700 Y31.300 E110.99073
G1 F480 X96.700 Y31.300 E111.00071
G1 F480 X96.700 Y31.300 E111.01069
G1 F480 X96.300 Y31.300 E111.01069
G1 F480 X96.300 Y31.300 E111.50959
G1 F480 X96.300 Y31.300 E112.00849
G1 F480 X96.300 Y31.300 E112.50739
G1 F480 X96.300 Y11.300 E112.50739
G1 F480 X96.700 Y31.300 E113.00630
G1 F480 X96.700 Y31.300 E113.50520
G1 F480 X96.700 Y11.300 E113.50520
G1 F480 X96.700 Y31.300 E114.00410
G1 F480 X98.700 Y11.300 E114.01408
G1 F480 X98.700 Y31.300 E114.51308
G1 F480 X98.700 Y31.300 E115.01208
G1 F480 X98.300 Y31.300 E115.51098
G1 F480 X98.700 Y11.300 E115.52096
G1 F480 X98.700 Y11.300 E115.53094
G1 F480 X98.300 Y11.300 E115.53094
G1 F480 X98.700 Y11.300 E115.54092
G1 F480 X98.700 Y31.300 E115.55090
G1 F480 X98.700 Y31.300 E115.56087
G1 F480 X98.700 Y31.300 E115.57085
G1 F480 X98.300 Y31.300 E115.57085
G1 F480 X98.300 Y31.300 E116.06975
G1 F480 X98.300 Y31.300 E116.56866
G1 F480 X98.300 Y31.300 E117.06756
G1 F480 X98.300 Y11.300 E117.06756
G1 F480 X98.700 Y31.300 E117.56646
G1 F480 X98.700 Y31.300 E118.06536
G1 F480 X98.700 Y11.300 E118.06536
G1 F480 X98.700 Y31.300 E118.56426
G1 F480 X100.700 Y11.300 E118.57424
G1 F480 X100.700 Y31.300 E119.07324
G1 F480 X100.700 Y31.300 E119.57225
G1 F480 X100.300 Y31.300 E120.07115
G1 F480 X100.700 Y11.300 E120.08113
G1 F480 X100.700 Y11.300 E120.09110
G1 F480 X100.300 Y11.300 E120.09110
G1 F480 X100.700 Y11.300 E120.10108
G1 F480 X100.700 Y31.300 E120.11106
G1 F480 X100.700 Y31.300 E120.12104
G1 F480 X100.700 Y31.300 E120.13102
G1 F480 X100.300 Y31.300 E120.13102
G1 F480 X100.300 Y31.300 E120.62992
G1 F480 X100.300 Y31.300 E121.12882
G1 F480 X100.300 Y31.300 E121.62772
G1 F480 X100.300 Y11.300 E121.62772
G1 F480 X100.700 Y31.300 E122.12662
G1 F480 X100.700 Y31.300 E122.62553
G1 F480 X100.700 Y11.300 E122.62553
G1 F480 X100.700 Y31.300 E123.12443
G1 F480 X102.700 Y11.300 E123.13441
G1 F480 X102.700 Y31.300 E123.63341
G1 F480 X102.700 Y31.300 E124.13241
G1 F480 X102.300 Y31.300 E124.63131
G1 F480 X102.700 Y11.300 E124.64129
G1 F480 X102.700 Y11.300 E124.65127
G1 F480 X102.300 Y11.300 E124.65127
G1 F480 X102.700 Y11.300 E124.66125
G1 F480 X102.700 Y31.300 E124.67122
G1 F480 X102.700 Y31.300 E124.68120
G1 F480 X102.700 Y31.300 E124.69118
G1 F480 X102.300 Y31.300 E124.69118
G1 F480 X102.300 Y31.300 E125.19008
G1 F480 X102.300 Y31.300 E125.68898
G1 F480 X102.300 Y31.300 E126.18789
G1 F480 X102.300 Y11.300 E126.18789
G1 F480 X102.700 Y31.300 E126.68679
G1 F480 X102.700 Y31.300 E127.18569
G1 F480 X102.700 Y11.300 E127.18569
G1 F480 X102.700 Y31.300 E127.68459
G1 F480 X104.700 Y11.300 E127.69457
G1 F480 X104.700 Y31.300 E128.19357
G1 F480 X104.700 Y31.300 E128.69257
G1 F480 X104.300 Y31.300 E129.19148
G1 F480 X104.700 Y11.300 E129.20145
G1 F480 X104.700 Y11.300 E129.21143
G1 F480 X104.300 Y11.300 E129.21143
G1 F480 X104.700 Y11.300 E129.22141
G1 F480 X104.700 Y31.300 E129.23139
G1 F480 X104.700 Y31.300 E129.24137
G1 F480 X104.700 Y31.300 E129.25134
G1 F480 X104.300 Y31.300 E129.25134
G1 F480 X104.300 Y31.300 E129.75025
G1 F480 X104.300 Y31.300 E130.24915
G1 F480 X104.300 Y31.300 E130.74805
G1 F480 X104.300 Y11.300 E130.74805
G1 F480 X104.700 Y31.300 E131.24695
G1 F480 X104.700 Y31.300 E131.74585
G1 F480 X104.700 Y11.300 E131.74585
G1 F480 X104.700 Y31.300 E132.24476
G1 F480 X106.700 Y11.300 E132.25473
G1 F480 X106.700 Y31.300 E132.75374
G1 F480 X106.700 Y31.300 E133.25274
G1 F480 X106.300 Y31.300 E133.75164
G1 F480 X106.700 Y11.300 E133.76162
G1 F480 X106.700 Y11.300 E133.77160
G1 F480 X106.300 Y11.300 E133.77160
G1 F480 X106.700 Y11.300 E133.78157
G1 F480 X106.700 Y31.300 E133.79155
G1 F480 X106.700 Y31.300 E133.80153
G1 F480 X106.700 Y31.300 E133.81151
G1 F480 X106.300 Y31.300 E133.81151
G1 F480 X106.300 Y31.300 E134.31041
G1 F480 X106.300 Y31.300 E134.80931
G1 F480 X106.300 Y31.300 E135.30821
G1 F480 X106.300 Y11.300 E135.30821
G1 F480 X106.700 Y31.300 E135.80712
G1 F480 X106.700 Y31.300 E136.30602
G1 F480 X106.700 Y11.300 E136.30602
G1 F480 X106.700 Y31.300 E136.80492
G1 F480 X108.700 Y11.300 E136.81490
G1 F480 X108.700 Y31.300 E137.31390
G1 F480 X108.700 Y31.300 E137.81290
G1 F480 X108.300 Y31.300 E138.31180
G1 F480 X108.700 Y11.300 E138.32178
G1 F480 X108.700 Y11.300 E138.33176
G1 F480 X108.300 Y11.300 E138.33176
G1 F480 X108.700 Y11.300 E138.34174
G1 F480 X108.700 Y31.300 E138.35172
G1 F480 X108.700 Y31.300 E138.36169
G1 F480 X108.700 Y31.300 E138.37167
G1 F480 X108.300 Y31.300 E138.37167
G1 F480 X108.300 Y31.300 E138.87057
G1 F480 X108.300 Y31.300 E139.36948
G1 F480 X108.300 Y31.300 E139.86838
G1 F480 X108.300 Y11.300 E139.86838
G1 F480 X108.700 Y31.300 E140.36728
G1 F480 X108.700 Y31.300 E140.86618
G1 F480 X108.700 Y11.300 E140.86618
G1 F480 X108.700 Y31.300 E141.36508
G1 F480 X110.700 Y11.300 E141.37506
G1 F480 X110.700 Y31.300 E141.87406
G1 F480 X110.700 Y31.300 E142.37307
G1 F480 X110.300 Y31.300 E142.87197
G1 F480 X110.700 Y11.300 E142.88195
G1 F480 X110.700 Y11.300 E142.89192
G1 F480 X110.300 Y11.300 E142.89192
G1 F480 X110.700 Y11.300 E142.90190
G1 F480 X110.700 Y31.300 E142.91188
G1 F480 X110.700 Y31.300 E142.92186
G1 F480 X110.700 Y31.300 E142.93184
G1 F480 X110.300 Y31.300 E142.93184
G1 F480 X110.300 Y31.300 E143.43074
G1 F480 X110.300 Y31.300 E143.92964
G1 F480 X110.300 Y31.300 E144.42854
G1 F480 X110.300 Y11.300 E144.42854
G1 F480 X110.700 Y31.300 E144.92744
G1 F480 X110.700 Y31.300 E145.42635
G1 F480 X110.700 Y11.300 E145.42635
G1 F480 X110.700 Y31.300 E145.92525
G1 F480 X112.700 Y11.300 E145.93523
G1 F480 X112.700 Y31.300 E146.43423
G1 F480 X112.700 Y31.300 E146.93323
G1 F480 X112.300 Y31.300 E147.43213
G1 F480 X112.700 Y11.300 E147.44211
G1 F480 X112.700 Y11.300 E147.45209
G1 F480 X112.300 Y11.300 E147.45209
G1 F480 X112.700 Y11.300 E147.46207
G1 F480 X112.700 Y31.300 E147.47204
G1 F480 X112.700 Y31.300 E147.48202
G1 F480 X112.700 Y31.300 E147.49200
G1 F480 X112.300 Y31.300 E147.49200
G1 F480 X112.300 Y31.300 E147.99090
G1 F480 X112.300 Y31.300 E148.48980
G1 F480 X112.300 Y31.300 E148.98871
G1 F480 X112.300 Y11.300 E148.98871
G1 F480 X112.700 Y31.300 E149.48761
G1 F480 X112.700 Y31.300 E149.98651
G1 F480 X112.700 Y11.300 E149.98651
G1 F480 X112.700 Y31.300 E150.48541

; Capa 6 / Z=0.90mm
G0 F6000 Z1.40 ; levantar para viaje
G0 F6000 X92.300 Y11.300 Z0.90
G1 F480 X92.700 Y31.300 E150.98441
G1 F480 X92.700 Y11.300 E150.99439
G1 F480 X92.300 Y31.300 E151.49329
G1 F480 X92.700 Y31.300 E151.99230
G1 F480 X92.700 Y11.300 E152.00227
G1 F480 X92.700 Y11.300 E152.01225
G1 F480 X92.300 Y11.300 E152.01225
G1 F480 X92.700 Y11.300 E152.02223
G1 F480 X92.700 Y31.300 E152.03221
G1 F480 X92.700 Y31.300 E152.04219
G1 F480 X92.700 Y31.300 E152.05216
G1 F480 X92.300 Y31.300 E152.05216
G1 F480 X92.300 Y31.300 E152.55107
G1 F480 X92.300 Y31.300 E153.04997
G1 F480 X92.300 Y31.300 E153.54887
G1 F480 X92.300 Y11.300 E153.54887
G1 F480 X92.700 Y31.300 E154.04777
G1 F480 X92.700 Y31.300 E154.54667
G1 F480 X92.700 Y11.300 E154.54667
G1 F480 X92.700 Y31.300 E155.04558
G1 F480 X94.700 Y31.300 E155.54458
G1 F480 X94.700 Y11.300 E155.55456
G1 F480 X94.300 Y31.300 E156.05346
G1 F480 X94.700 Y31.300 E156.55246
G1 F480 X94.700 Y11.300 E156.56244
G1 F480 X94.700 Y11.300 E156.57242
G1 F480 X94.300 Y11.300 E156.57242
G1 F480 X94.700 Y11.300 E156.58239
G1 F480 X94.700 Y31.300 E156.59237
G1 F480 X94.700 Y31.300 E156.60235
G1 F480 X94.700 Y31.300 E156.61233
G1 F480 X94.300 Y31.300 E156.61233
G1 F480 X94.300 Y31.300 E157.11123
G1 F480 X94.300 Y31.300 E157.61013
G1 F480 X94.300 Y31.300 E158.10903
G1 F480 X94.300 Y11.300 E158.10903
G1 F480 X94.700 Y31.300 E158.60794
G1 F480 X94.700 Y31.300 E159.10684
G1 F480 X94.700 Y11.300 E159.10684
G1 F480 X94.700 Y31.300 E159.60574
G1 F480 X96.700 Y31.300 E160.10474
G1 F480 X96.700 Y11.300 E160.11472
G1 F480 X96.300 Y31.300 E160.61362
G1 F480 X96.700 Y31.300 E161.11262
G1 F480 X96.700 Y11.300 E161.12260
G1 F480 X96.700 Y11.300 E161.13258
G1 F480 X96.300 Y11.300 E161.13258
G1 F480 X96.700 Y11.300 E161.14256
G1 F480 X96.700 Y31.300 E161.15254
G1 F480 X96.700 Y31.300 E161.16251
G1 F480 X96.700 Y31.300 E161.17249
G1 F480 X96.300 Y31.300 E161.17249
G1 F480 X96.300 Y31.300 E161.67139
G1 F480 X96.300 Y31.300 E162.17030
G1 F480 X96.300 Y31.300 E162.66920
G1 F480 X96.300 Y11.300 E162.66920
G1 F480 X96.700 Y31.300 E163.16810
G1 F480 X96.700 Y31.300 E163.66700
G1 F480 X96.700 Y11.300 E163.66700
G1 F480 X96.700 Y31.300 E164.16590
G1 F480 X98.700 Y31.300 E164.66491
G1 F480 X98.700 Y11.300 E164.67488
G1 F480 X98.300 Y31.300 E165.17379
G1 F480 X98.700 Y31.300 E165.67279
G1 F480 X98.700 Y11.300 E165.68277
G1 F480 X98.700 Y11.300 E165.69274
G1 F480 X98.300 Y11.300 E165.69274
G1 F480 X98.700 Y11.300 E165.70272
G1 F480 X98.700 Y31.300 E165.71270
G1 F480 X98.700 Y31.300 E165.72268
G1 F480 X98.700 Y31.300 E165.73266
G1 F480 X98.300 Y31.300 E165.73266
G1 F480 X98.300 Y31.300 E166.23156
G1 F480 X98.300 Y31.300 E166.73046
G1 F480 X98.300 Y31.300 E167.22936
G1 F480 X98.300 Y11.300 E167.22936
G1 F480 X98.700 Y31.300 E167.72826
G1 F480 X98.700 Y31.300 E168.22717
G1 F480 X98.700 Y11.300 E168.22717
G1 F480 X98.700 Y31.300 E168.72607
G1 F480 X100.700 Y31.300 E169.22507
G1 F480 X100.700 Y11.300 E169.23505
G1 F480 X100.300 Y31.300 E169.73395
G1 F480 X100.700 Y31.300 E170.23295
G1 F480 X100.700 Y11.300 E170.24293
G1 F480 X100.700 Y11.300 E170.25291
G1 F480 X100.300 Y11.300 E170.25291
G1 F480 X100.700 Y11.300 E170.26289
G1 F480 X100.700 Y31.300 E170.27286
G1 F480 X100.700 Y31.300 E170.28284
G1 F480 X100.700 Y31.300 E170.29282
G1 F480 X100.300 Y31.300 E170.29282
G1 F480 X100.300 Y31.300 E170.79172
G1 F480 X100.300 Y31.300 E171.29062
G1 F480 X100.300 Y31.300 E171.78953
G1 F480 X100.300 Y11.300 E171.78953
G1 F480 X100.700 Y31.300 E172.28843
G1 F480 X100.700 Y31.300 E172.78733
G1 F480 X100.700 Y11.300 E172.78733
G1 F480 X100.700 Y31.300 E173.28623
G1 F480 X102.700 Y31.300 E173.78523
G1 F480 X102.700 Y11.300 E173.79521
G1 F480 X102.300 Y31.300 E174.29411
G1 F480 X102.700 Y31.300 E174.79312
G1 F480 X102.700 Y11.300 E174.80309
G1 F480 X102.700 Y11.300 E174.81307
G1 F480 X102.300 Y11.300 E174.81307
G1 F480 X102.700 Y11.300 E174.82305
G1 F480 X102.700 Y31.300 E174.83303
G1 F480 X102.700 Y31.300 E174.84301
G1 F480 X102.700 Y31.300 E174.85298
G1 F480 X102.300 Y31.300 E174.85298
G1 F480 X102.300 Y31.300 E175.35189
G1 F480 X102.300 Y31.300 E175.85079
G1 F480 X102.300 Y31.300 E176.34969
G1 F480 X102.300 Y11.300 E176.34969
G1 F480 X102.700 Y31.300 E176.84859
G1 F480 X102.700 Y31.300 E177.34749
G1 F480 X102.700 Y11.300 E177.34749
G1 F480 X102.700 Y31.300 E177.84640
G1 F480 X104.700 Y31.300 E178.34540
G1 F480 X104.700 Y11.300 E178.35538
G1 F480 X104.300 Y31.300 E178.85428
G1 F480 X104.700 Y31.300 E179.35328
G1 F480 X104.700 Y11.300 E179.36326
G1 F480 X104.700 Y11.300 E179.37324
G1 F480 X104.300 Y11.300 E179.37324
G1 F480 X104.700 Y11.300 E179.38321
G1 F480 X104.700 Y31.300 E179.39319
G1 F480 X104.700 Y31.300 E179.40317
G1 F480 X104.700 Y31.300 E179.41315
G1 F480 X104.300 Y31.300 E179.41315
G1 F480 X104.300 Y31.300 E179.91205
G1 F480 X104.300 Y31.300 E180.41095
G1 F480 X104.300 Y31.300 E180.90985
G1 F480 X104.300 Y11.300 E180.90985
G1 F480 X104.700 Y31.300 E181.40876
G1 F480 X104.700 Y31.300 E181.90766
G1 F480 X104.700 Y11.300 E181.90766
G1 F480 X104.700 Y31.300 E182.40656
G1 F480 X106.700 Y31.300 E182.90556
G1 F480 X106.700 Y11.300 E182.91554
G1 F480 X106.300 Y31.300 E183.41444
G1 F480 X106.700 Y31.300 E183.91344
G1 F480 X106.700 Y11.300 E183.92342
G1 F480 X106.700 Y11.300 E183.93340
G1 F480 X106.300 Y11.300 E183.93340
G1 F480 X106.700 Y11.300 E183.94338
G1 F480 X106.700 Y31.300 E183.95336
G1 F480 X106.700 Y31.300 E183.96333
G1 F480 X106.700 Y31.300 E183.97331
G1 F480 X106.300 Y31.300 E183.97331
G1 F480 X106.300 Y31.300 E184.47221
G1 F480 X106.300 Y31.300 E184.97112
G1 F480 X106.300 Y31.300 E185.47002
G1 F480 X106.300 Y11.300 E185.47002
G1 F480 X106.700 Y31.300 E185.96892
G1 F480 X106.700 Y31.300 E186.46782
G1 F480 X106.700 Y11.300 E186.46782
G1 F480 X106.700 Y31.300 E186.96672
G1 F480 X108.700 Y31.300 E187.46573
G1 F480 X108.700 Y11.300 E187.47570
G1 F480 X108.300 Y31.300 E187.97461
G1 F480 X108.700 Y31.300 E188.47361
G1 F480 X108.700 Y11.300 E188.48359
G1 F480 X108.700 Y11.300 E188.49356
G1 F480 X108.300 Y11.300 E188.49356
G1 F480 X108.700 Y11.300 E188.50354
G1 F480 X108.700 Y31.300 E188.51352
G1 F480 X108.700 Y31.300 E188.52350
G1 F480 X108.700 Y31.300 E188.53348
G1 F480 X108.300 Y31.300 E188.53348
G1 F480 X108.300 Y31.300 E189.03238
G1 F480 X108.300 Y31.300 E189.53128
G1 F480 X108.300 Y31.300 E190.03018
G1 F480 X108.300 Y11.300 E190.03018
G1 F480 X108.700 Y31.300 E190.52908
G1 F480 X108.700 Y31.300 E191.02799
G1 F480 X108.700 Y11.300 E191.02799
G1 F480 X108.700 Y31.300 E191.52689
G1 F480 X110.700 Y31.300 E192.02589
G1 F480 X110.700 Y11.300 E192.03587
G1 F480 X110.300 Y31.300 E192.53477
G1 F480 X110.700 Y31.300 E193.03377
G1 F480 X110.700 Y11.300 E193.04375
G1 F480 X110.700 Y11.300 E193.05373
G1 F480 X110.300 Y11.300 E193.05373
G1 F480 X110.700 Y11.300 E193.06371
G1 F480 X110.700 Y31.300 E193.07368
G1 F480 X110.700 Y31.300 E193.08366
G1 F480 X110.700 Y31.300 E193.09364
G1 F480 X110.300 Y31.300 E193.09364
G1 F480 X110.300 Y31.300 E193.59254
G1 F480 X110.300 Y31.300 E194.09144
G1 F480 X110.300 Y31.300 E194.59035
G1 F480 X110.300 Y11.300 E194.59035
G1 F480 X110.700 Y31.300 E195.08925
G1 F480 X110.700 Y31.300 E195.58815
G1 F480 X110.700 Y11.300 E195.58815
G1 F480 X110.700 Y31.300 E196.08705
G1 F480 X112.700 Y31.300 E196.58605
G1 F480 X112.700 Y11.300 E196.59603
G1 F480 X112.300 Y31.300 E197.09493
G1 F480 X112.700 Y31.300 E197.59394
G1 F480 X112.700 Y11.300 E197.60391
G1 F480 X112.700 Y11.300 E197.61389
G1 F480 X112.300 Y11.300 E197.61389
G1 F480 X112.700 Y11.300 E197.62387
G1 F480 X112.700 Y31.300 E197.63385
G1 F480 X112.700 Y31.300 E197.64383
G1 F480 X112.700 Y31.300 E197.65380
G1 F480 X112.300 Y31.300 E197.65380
G1 F480 X112.300 Y31.300 E198.15271
G1 F480 X112.300 Y31.300 E198.65161
G1 F480 X112.300 Y31.300 E199.15051
G1 F480 X112.300 Y11.300 E199.15051
G1 F480 X112.700 Y31.300 E199.64941
G1 F480 X112.700 Y31.300 E200.14831
G1 F480 X112.700 Y11.300 E200.14831
G1 F480 X112.700 Y31.300 E200.64722
G1 F480 X112.300 Y11.300 E201.14612
G1 F480 X112.300 Y11.700 E201.64512
G1 F480 X112.300 Y11.700 E202.14412
G1 F480 X92.300 Y11.700 E202.15410
G1 F480 X112.300 Y11.300 E202.65300
G1 F480 X112.300 Y11.300 E203.15190
G1 F480 X92.300 Y11.300 E203.15190
G1 F480 X112.300 Y11.300 E203.65081
G1 F480 X112.300 Y11.700 E204.14971
G1 F480 X112.300 Y11.700 E204.64861
G1 F480 X112.300 Y11.700 E205.14751
G1 F480 X92.300 Y11.700 E205.14751
G1 F480 X92.300 Y11.700 E205.15749
G1 F480 X92.300 Y11.700 E205.16747
G1 F480 X92.300 Y11.700 E205.17745
G1 F480 X92.300 Y11.300 E205.17745
G1 F480 X112.300 Y11.700 E205.18742
G1 F480 X112.300 Y11.700 E205.19740
G1 F480 X112.300 Y11.300 E205.19740
G1 F480 X112.300 Y11.700 E205.20738
G1 F480 X112.300 Y13.300 E205.70628
G1 F480 X112.300 Y13.700 E206.20528
G1 F480 X112.300 Y13.700 E206.70429
G1 F480 X92.300 Y13.700 E206.71426
G1 F480 X112.300 Y13.300 E207.21317
G1 F480 X112.300 Y13.300 E207.71207
G1 F480 X92.300 Y13.300 E207.71207
G1 F480 X112.300 Y13.300 E208.21097
G1 F480 X112.300 Y13.700 E208.70987
G1 F480 X112.300 Y13.700 E209.20877
G1 F480 X112.300 Y13.700 E209.70768
G1 F480 X92.300 Y13.700 E209.70768
G1 F480 X92.300 Y13.700 E209.71765
G1 F480 X92.300 Y13.700 E209.72763
G1 F480 X92.300 Y13.700 E209.73761
G1 F480 X92.300 Y13.300 E209.73761
G1 F480 X112.300 Y13.700 E209.74759
G1 F480 X112.300 Y13.700 E209.75757
G1 F480 X112.300 Y13.300 E209.75757
G1 F480 X112.300 Y13.700 E209.76754
G1 F480 X112.300 Y15.300 E210.26645
G1 F480 X112.300 Y15.700 E210.76545
G1 F480 X112.300 Y15.700 E211.26445
G1 F480 X92.300 Y15.700 E211.27443
G1 F480 X112.300 Y15.300 E211.77333
G1 F480 X112.300 Y15.300 E212.27223
G1 F480 X92.300 Y15.300 E212.27223
G1 F480 X112.300 Y15.300 E212.77113
G1 F480 X112.300 Y15.700 E213.27004
G1 F480 X112.300 Y15.700 E213.76894
G1 F480 X112.300 Y15.700 E214.26784
G1 F480 X92.300 Y15.700 E214.26784
G1 F480 X92.300 Y15.700 E214.27782
G1 F480 X92.300 Y15.700 E214.28780
G1 F480 X92.300 Y15.700 E214.29777
G1 F480 X92.300 Y15.300 E214.29777
G1 F480 X112.300 Y15.700 E214.30775
G1 F480 X112.300 Y15.700 E214.31773
G1 F480 X112.300 Y15.300 E214.31773
G1 F480 X112.300 Y15.700 E214.32771
G1 F480 X112.300 Y17.300 E214.82661
G1 F480 X112.300 Y17.700 E215.32561
G1 F480 X112.300 Y17.700 E215.82461
G1 F480 X92.300 Y17.700 E215.83459
G1 F480 X112.300 Y17.300 E216.33349
G1 F480 X112.300 Y17.300 E216.83240
G1 F480 X92.300 Y17.300 E216.83240
G1 F480 X112.300 Y17.300 E217.33130
G1 F480 X112.300 Y17.700 E217.83020
G1 F480 X112.300 Y17.700 E218.32910
G1 F480 X112.300 Y17.700 E218.82800
G1 F480 X92.300 Y17.700 E218.82800
G1 F480 X92.300 Y17.700 E218.83798
G1 F480 X92.300 Y17.700 E218.84796
G1 F480 X92.300 Y17.700 E218.85794
G1 F480 X92.300 Y17.300 E218.85794
G1 F480 X112.300 Y17.700 E218.86792
G1 F480 X112.300 Y17.700 E218.87790
G1 F480 X112.300 Y17.300 E218.87790
G1 F480 X112.300 Y17.700 E218.88787
G1 F480 X112.300 Y19.300 E219.38678
G1 F480 X112.300 Y19.700 E219.88578
G1 F480 X112.300 Y19.700 E220.38478
G1 F480 X92.300 Y19.700 E220.39476
G1 F480 X112.300 Y19.300 E220.89366
G1 F480 X112.300 Y19.300 E221.39256
G1 F480 X92.300 Y19.300 E221.39256
G1 F480 X112.300 Y19.300 E221.89146
G1 F480 X112.300 Y19.700 E222.39036
G1 F480 X112.300 Y19.700 E222.88927
G1 F480 X112.300 Y19.700 E223.38817
G1 F480 X92.300 Y19.700 E223.38817
G1 F480 X92.300 Y19.700 E223.39815
G1 F480 X92.300 Y19.700 E223.40812
G1 F480 X92.300 Y19.700 E223.41810
G1 F480 X92.300 Y19.300 E223.41810
G1 F480 X112.300 Y19.700 E223.42808
G1 F480 X112.300 Y19.700 E223.43806
G1 F480 X112.300 Y19.300 E223.43806
G1 F480 X112.300 Y19.700 E223.44804
G1 F480 X112.300 Y21.300 E223.94694
G1 F480 X112.300 Y21.700 E224.44594
G1 F480 X112.300 Y21.700 E224.94494
G1 F480 X92.300 Y21.700 E224.95492
G1 F480 X112.300 Y21.300 E225.45382
G1 F480 X112.300 Y21.300 E225.95272
G1 F480 X92.300 Y21.300 E225.95272
G1 F480 X112.300 Y21.300 E226.45163
G1 F480 X112.300 Y21.700 E226.95053
G1 F480 X112.300 Y21.700 E227.44943
G1 F480 X112.300 Y21.700 E227.94833
G1 F480 X92.300 Y21.700 E227.94833
G1 F480 X92.300 Y21.700 E227.95831
G1 F480 X92.300 Y21.700 E227.96829
G1 F480 X92.300 Y21.700 E227.97827
G1 F480 X92.300 Y21.300 E227.97827
G1 F480 X112.300 Y21.700 E227.98824
G1 F480 X112.300 Y21.700 E227.99822
G1 F480 X112.300 Y21.300 E227.99822
G1 F480 X112.300 Y21.700 E228.00820
G1 F480 X112.300 Y23.300 E228.50710
G1 F480 X112.300 Y23.700 E229.00610
G1 F480 X112.300 Y23.700 E229.50511
G1 F480 X92.300 Y23.700 E229.51508
G1 F480 X112.300 Y23.300 E230.01399
G1 F480 X112.300 Y23.300 E230.51289
G1 F480 X92.300 Y23.300 E230.51289
G1 F480 X112.300 Y23.300 E231.01179
G1 F480 X112.300 Y23.700 E231.51069
G1 F480 X112.300 Y23.700 E232.00959
G1 F480 X112.300 Y23.700 E232.50850
G1 F480 X92.300 Y23.700 E232.50850
G1 F480 X92.300 Y23.700 E232.51847
G1 F480 X92.300 Y23.700 E232.52845
G1 F480 X92.300 Y23.700 E232.53843
G1 F480 X92.300 Y23.300 E232.53843
G1 F480 X112.300 Y23.700 E232.54841
G1 F480 X112.300 Y23.700 E232.55839
G1 F480 X112.300 Y23.300 E232.55839
G1 F480 X112.300 Y23.700 E232.56837
G1 F480 X112.300 Y25.300 E233.06727
G1 F480 X112.300 Y25.700 E233.56627
G1 F480 X112.300 Y25.700 E234.06527
G1 F480 X92.300 Y25.700 E234.07525
G1 F480 X112.300 Y25.300 E234.57415
G1 F480 X112.300 Y25.300 E235.07305
G1 F480 X92.300 Y25.300 E235.07305
G1 F480 X112.300 Y25.300 E235.57195
G1 F480 X112.300 Y25.700 E236.07086
G1 F480 X112.300 Y25.700 E236.56976
G1 F480 X112.300 Y25.700 E237.06866
G1 F480 X92.300 Y25.700 E237.06866
G1 F480 X92.300 Y25.700 E237.07864
G1 F480 X92.300 Y25.700 E237.08862
G1 F480 X92.300 Y25.700 E237.09859
G1 F480 X92.300 Y25.300 E237.09859
G1 F480 X112.300 Y25.700 E237.10857
G1 F480 X112.300 Y25.700 E237.11855
G1 F480 X112.300 Y25.300 E237.11855
G1 F480 X112.300 Y25.700 E237.12853
G1 F480 X112.300 Y27.300 E237.62743
G1 F480 X112.300 Y27.700 E238.12643
G1 F480 X112.300 Y27.700 E238.62543
G1 F480 X92.300 Y27.700 E238.63541
G1 F480 X112.300 Y27.300 E239.13431
G1 F480 X112.300 Y27.300 E239.63322
G1 F480 X92.300 Y27.300 E239.63322
G1 F480 X112.300 Y27.300 E240.13212
G1 F480 X112.300 Y27.700 E240.63102
G1 F480 X112.300 Y27.700 E241.12992
G1 F480 X112.300 Y27.700 E241.62882
G1 F480 X92.300 Y27.700 E241.62882
G1 F480 X92.300 Y27.700 E241.63880
G1 F480 X92.300 Y27.700 E241.64878
G1 F480 X92.300 Y27.700 E241.65876
G1 F480 X92.300 Y27.300 E241.65876
G1 F480 X112.300 Y27.700 E241.66874
G1 F480 X112.300 Y27.700 E241.67871
G1 F480 X112.300 Y27.300 E241.67871
G1 F480 X112.300 Y27.700 E241.68869
G1 F480 X112.300 Y29.300 E242.18760
G1 F480 X112.300 Y29.700 E242.68660
G1 F480 X112.300 Y29.700 E243.18560
G1 F480 X92.300 Y29.700 E243.19558
G1 F480 X112.300 Y29.300 E243.69448
G1 F480 X112.300 Y29.300 E244.19338
G1 F480 X92.300 Y29.300 E244.19338
G1 F480 X112.300 Y29.300 E244.69228
G1 F480 X112.300 Y29.700 E245.19118
G1 F480 X112.300 Y29.700 E245.69009
G1 F480 X112.300 Y29.700 E246.18899
G1 F480 X92.300 Y29.700 E246.18899
G1 F480 X92.300 Y29.700 E246.19897
G1 F480 X92.300 Y29.700 E246.20894
G1 F480 X92.300 Y29.700 E246.21892
G1 F480 X92.300 Y29.300 E246.21892
G1 F480 X112.300 Y29.700 E246.22890
G1 F480 X112.300 Y29.700 E246.23888
G1 F480 X112.300 Y29.300 E246.23888
G1 F480 X112.300 Y29.700 E246.24886
G1 F480 X112.300 Y31.300 E246.74776
G1 F480 X112.300 Y31.700 E247.24676
G1 F480 X112.300 Y31.700 E247.74576
G1 F480 X92.300 Y31.700 E247.75574
G1 F480 X112.300 Y31.300 E248.25464
G1 F480 X112.300 Y31.300 E248.75354
G1 F480 X92.300 Y31.300 E248.75354
G1 F480 X112.300 Y31.300 E249.25245
G1 F480 X112.300 Y31.700 E249.75135
G1 F480 X112.300 Y31.700 E250.25025
G1 F480 X112.300 Y31.700 E250.74915
G1 F480 X92.300 Y31.700 E250.74915
G1 F480 X92.300 Y31.700 E250.75913
G1 F480 X92.300 Y31.700 E250.76911
G1 F480 X92.300 Y31.700 E250.77909
G1 F480 X92.300 Y31.300 E250.77909
G1 F480 X112.300 Y31.700 E250.78906
G1 F480 X112.300 Y31.700 E250.79904
G1 F480 X112.300 Y31.300 E250.79904
G1 F480 X112.300 Y31.700 E250.80902

; Capa 9 / Z=1.35mm
G0 F6000 Z1.85 ; levantar para viaje
G0 F6000 X92.300 Y11.300 Z1.35
G1 F480 X112.300 Y11.700 E251.30802
G1 F480 X112.300 Y11.300 E251.80692
G1 F480 X92.300 Y11.700 E251.81690
G1 F480 X112.300 Y11.700 E252.31590
G1 F480 X112.300 Y11.300 E252.81481
G1 F480 X112.300 Y11.300 E253.31371
G1 F480 X92.300 Y11.300 E253.31371
G1 F480 X112.300 Y11.300 E253.81261
G1 F480 X112.300 Y11.700 E254.31151
G1 F480 X112.300 Y11.700 E254.81041
G1 F480 X112.300 Y11.700 E255.30932
G1 F480 X92.300 Y11.700 E255.30932
G1 F480 X92.300 Y11.700 E255.31929
G1 F480 X92.300 Y11.700 E255.32927
G1 F480 X92.300 Y11.700 E255.33925
G1 F480 X92.300 Y11.300 E255.33925
G1 F480 X112.300 Y11.700 E255.34923
G1 F480 X112.300 Y11.700 E255.35921
G1 F480 X112.300 Y11.300 E255.35921
G1 F480 X112.300 Y11.700 E255.36919
G1 F480 X112.300 Y13.700 E255.86819
G1 F480 X112.300 Y13.300 E256.36709
G1 F480 X92.300 Y13.700 E256.37707
G1 F480 X112.300 Y13.700 E256.87607
G1 F480 X112.300 Y13.300 E257.37497
G1 F480 X112.300 Y13.300 E257.87387
G1 F480 X92.300 Y13.300 E257.87387
G1 F480 X112.300 Y13.300 E258.37277
G1 F480 X112.300 Y13.700 E258.87168
G1 F480 X112.300 Y13.700 E259.37058
G1 F480 X112.300 Y13.700 E259.86948
G1 F480 X92.300 Y13.700 E259.86948
G1 F480 X92.300 Y13.700 E259.87946
G1 F480 X92.300 Y13.700 E259.88944
G1 F480 X92.300 Y13.700 E259.89941
G1 F480 X92.300 Y13.300 E259.89941
G1 F480 X112.300 Y13.700 E259.90939
G1 F480 X112.300 Y13.700 E259.91937
G1 F480 X112.300 Y13.300 E259.91937
G1 F480 X112.300 Y13.700 E259.92935
G1 F480 X112.300 Y15.700 E260.42835
G1 F480 X112.300 Y15.300 E260.92725
G1 F480 X92.300 Y15.700 E260.93723
G1 F480 X112.300 Y15.700 E261.43623
G1 F480 X112.300 Y15.300 E261.93513
G1 F480 X112.300 Y15.300 E262.43404
G1 F480 X92.300 Y15.300 E262.43404
G1 F480 X112.300 Y15.300 E262.93294
G1 F480 X112.300 Y15.700 E263.43184
G1 F480 X112.300 Y15.700 E263.93074
G1 F480 X112.300 Y15.700 E264.42964
G1 F480 X92.300 Y15.700 E264.42964
G1 F480 X92.300 Y15.700 E264.43962
G1 F480 X92.300 Y15.700 E264.44960
G1 F480 X92.300 Y15.700 E264.45958
G1 F480 X92.300 Y15.300 E264.45958
G1 F480 X112.300 Y15.700 E264.46956
G1 F480 X112.300 Y15.700 E264.47954
G1 F480 X112.300 Y15.300 E264.47954
G1 F480 X112.300 Y15.700 E264.48951
G1 F480 X112.300 Y17.700 E264.98851
G1 F480 X112.300 Y17.300 E265.48742
G1 F480 X92.300 Y17.700 E265.49740
G1 F480 X112.300 Y17.700 E265.99640
G1 F480 X112.300 Y17.300 E266.49530
G1 F480 X112.300 Y17.300 E266.99420
G1 F480 X92.300 Y17.300 E266.99420
G1 F480 X112.300 Y17.300 E267.49310
G1 F480 X112.300 Y17.700 E267.99200
G1 F480 X112.300 Y17.700 E268.49091
G1 F480 X112.300 Y17.700 E268.98981
G1 F480 X92.300 Y17.700 E268.98981
G1 F480 X92.300 Y17.700 E268.99979
G1 F480 X92.300 Y17.700 E269.00977
G1 F480 X92.300 Y17.700 E269.01974
G1 F480 X92.300 Y17.300 E269.01974
G1 F480 X112.300 Y17.700 E269.02972
G1 F480 X112.300 Y17.700 E269.03970
G1 F480 X112.300 Y17.300 E269.03970
G1 F480 X112.300 Y17.700 E269.04968
G1 F480 X112.300 Y19.700 E269.54868
G1 F480 X112.300 Y19.300 E270.04758
G1 F480 X92.300 Y19.700 E270.05756
G1 F480 X112.300 Y19.700 E270.55656
G1 F480 X112.300 Y19.300 E271.05546
G1 F480 X112.300 Y19.300 E271.55436
G1 F480 X92.300 Y19.300 E271.55436
G1 F480 X112.300 Y19.300 E272.05327
G1 F480 X112.300 Y19.700 E272.55217
G1 F480 X112.300 Y19.700 E273.05107
G1 F480 X112.300 Y19.700 E273.54997
G1 F480 X92.300 Y19.700 E273.54997
G1 F480 X92.300 Y19.700 E273.55995
G1 F480 X92.300 Y19.700 E273.56993
G1 F480 X92.300 Y19.700 E273.57991
G1 F480 X92.300 Y19.300 E273.57991
G1 F480 X112.300 Y19.700 E273.58989
G1 F480 X112.300 Y19.700 E273.59986
G1 F480 X112.300 Y19.300 E273.59986
G1 F480 X112.300 Y19.700 E273.60984
G1 F480 X112.300 Y21.700 E274.10884
G1 F480 X112.300 Y21.300 E274.60775
G1 F480 X92.300 Y21.700 E274.61772
G1 F480 X112.300 Y21.700 E275.11672
G1 F480 X112.300 Y21.300 E275.61563
G1 F480 X112.300 Y21.300 E276.11453
G1 F480 X92.300 Y21.300 E276.11453
G1 F480 X112.300 Y21.300 E276.61343
G1 F480 X112.300 Y21.700 E277.11233
G1 F480 X112.300 Y21.700 E277.61124
G1 F480 X112.300 Y21.700 E278.11014
G1 F480 X92.300 Y21.700 E278.11014
G1 F480 X92.300 Y21.700 E278.12012
G1 F480 X92.300 Y21.700 E278.13009
G1 F480 X92.300 Y21.700 E278.14007
G1 F480 X92.300 Y21.300 E278.14007
G1 F480 X112.300 Y21.700 E278.15005
G1 F480 X112.300 Y21.700 E278.16003
G1 F480 X112.300 Y21.300 E278.16003
G1 F480 X112.300 Y21.700 E278.17001
G1 F480 X112.300 Y23.700 E278.66901
G1 F480 X112.300 Y23.300 E279.16791
G1 F480 X92.300 Y23.700 E279.17789
G1 F480 X112.300 Y23.700 E279.67689
G1 F480 X112.300 Y23.300 E280.17579
G1 F480 X112.300 Y23.300 E280.67469
G1 F480 X92.300 Y23.300 E280.67469
G1 F480 X112.300 Y23.300 E281.17359
G1 F480 X112.300 Y23.700 E281.67250
G1 F480 X112.300 Y23.700 E282.17140
G1 F480 X112.300 Y23.700 E282.67030
G1 F480 X92.300 Y23.700 E282.67030
G1 F480 X92.300 Y23.700 E282.68028
G1 F480 X92.300 Y23.700 E282.69026
G1 F480 X92.300 Y23.700 E282.70024
G1 F480 X92.300 Y23.300 E282.70024
G1 F480 X112.300 Y23.700 E282.71021
G1 F480 X112.300 Y23.700 E282.72019
G1 F480 X112.300 Y23.300 E282.72019
G1 F480 X112.300 Y23.700 E282.73017
G1 F480 X112.300 Y25.700 E283.22917
G1 F480 X112.300 Y25.300 E283.72807
G1 F480 X92.300 Y25.700 E283.73805
G1 F480 X112.300 Y25.700 E284.23705
G1 F480 X112.300 Y25.300 E284.73595
G1 F480 X112.300 Y25.300 E285.23486
G1 F480 X92.300 Y25.300 E285.23486
G1 F480 X112.300 Y25.300 E285.73376
G1 F480 X112.300 Y25.700 E286.23266
G1 F480 X112.300 Y25.700 E286.73156
G1 F480 X112.300 Y25.700 E287.23047
G1 F480 X92.300 Y25.700 E287.23047
G1 F480 X92.300 Y25.700 E287.24044
G1 F480 X92.300 Y25.700 E287.25042
G1 F480 X92.300 Y25.700 E287.26040
G1 F480 X92.300 Y25.300 E287.26040
G1 F480 X112.300 Y25.700 E287.27038
G1 F480 X112.300 Y25.700 E287.28036
G1 F480 X112.300 Y25.300 E287.28036
G1 F480 X112.300 Y25.700 E287.29033
G1 F480 X112.300 Y27.700 E287.78933
G1 F480 X112.300 Y27.300 E288.28824
G1 F480 X92.300 Y27.700 E288.29822
G1 F480 X112.300 Y27.700 E288.79722
G1 F480 X112.300 Y27.300 E289.29612
G1 F480 X112.300 Y27.300 E289.79502
G1 F480 X92.300 Y27.300 E289.79502
G1 F480 X112.300 Y27.300 E290.29392
G1 F480 X112.300 Y27.700 E290.79282
G1 F480 X112.300 Y27.700 E291.29173
G1 F480 X112.300 Y27.700 E291.79063
G1 F480 X92.300 Y27.700 E291.79063
G1 F480 X92.300 Y27.700 E291.80061
G1 F480 X92.300 Y27.700 E291.81059
G1 F480 X92.300 Y27.700 E291.82056
G1 F480 X92.300 Y27.300 E291.82056
G1 F480 X112.300 Y27.700 E291.83054
G1 F480 X112.300 Y27.700 E291.84052
G1 F480 X112.300 Y27.300 E291.84052
G1 F480 X112.300 Y27.700 E291.85050
G1 F480 X112.300 Y29.700 E292.34950
G1 F480 X112.300 Y29.300 E292.84840
G1 F480 X92.300 Y29.700 E292.85838
G1 F480 X112.300 Y29.700 E293.35738
G1 F480 X112.300 Y29.300 E293.85628
G1 F480 X112.300 Y29.300 E294.35518
G1 F480 X92.300 Y29.300 E294.35518
G1 F480 X112.300 Y29.300 E294.85409
G1 F480 X112.300 Y29.700 E295.35299
G1 F480 X112.300 Y29.700 E295.85189
G1 F480 X112.300 Y29.700 E296.35079
G1 F480 X92.300 Y29.700 E296.35079
G1 F480 X92.300 Y29.700 E296.36077
G1 F480 X92.300 Y29.700 E296.37075
G1 F480 X92.300 Y29.700 E296.38073
G1 F480 X92.300 Y29.300 E296.38073
G1 F480 X112.300 Y29.700 E296.39071
G1 F480 X112.300 Y29.700 E296.40068
G1 F480 X112.300 Y29.300 E296.40068
G1 F480 X112.300 Y29.700 E296.41066
G1 F480 X112.300 Y31.700 E296.90966
G1 F480 X112.300 Y31.300 E297.40857
G1 F480 X92.300 Y31.700 E297.41854
G1 F480 X112.300 Y31.700 E297.91754
G1 F480 X112.300 Y31.300 E298.41645
G1 F480 X112.300 Y31.300 E298.91535
G1 F480 X92.300 Y31.300 E298.91535
G1 F480 X112.300 Y31.300 E299.41425
G1 F480 X112.300 Y31.700 E299.91315
G1 F480 X112.300 Y31.700 E300.41205
G1 F480 X112.300 Y31.700 E300.91096
G1 F480 X92.300 Y31.700 E300.91096
G1 F480 X92.300 Y31.700 E300.92094
G1 F480 X92.300 Y31.700 E300.93091
G1 F480 X92.300 Y31.700 E300.94089
G1 F480 X92.300 Y31.300 E300.94089
G1 F480 X112.300 Y31.700 E300.95087
G1 F480 X112.300 Y31.700 E300.96085
G1 F480 X112.300 Y31.300 E300.96085
G1 F480 X112.300 Y31.700 E300.97083
G1 F480 X92.700 Y11.300 E300.98080
G1 F480 X92.700 Y31.300 E301.47981
G1 F480 X92.700 Y31.300 E301.97881
G1 F480 X92.300 Y31.300 E302.47771
G1 F480 X92.700 Y11.300 E302.48769
G1 F480 X92.700 Y11.300 E302.49766
G1 F480 X92.300 Y11.300 E302.49766
G1 F480 X92.700 Y11.300 E302.50764
G1 F480 X92.700 Y31.300 E302.51762
G1 F480 X92.700 Y31.300 E302.52760
G1 F480 X92.700 Y31.300 E302.53758
G1 F480 X92.300 Y31.300 E302.53758
G1 F480 X92.300 Y31.300 E303.03648
G1 F480 X92.300 Y31.300 E303.53538
G1 F480 X92.300 Y31.300 E304.03428
G1 F480 X92.300 Y11.300 E304.03428
G1 F480 X92.700 Y31.300 E304.53319
G1 F480 X92.700 Y31.300 E305.03209
G1 F480 X92.700 Y11.300 E305.03209
G1 F480 X92.700 Y31.300 E305.53099
G1 F480 X94.700 Y11.300 E305.54097
G1 F480 X94.700 Y31.300 E306.03997
G1 F480 X94.700 Y31.300 E306.53897
G1 F480 X94.300 Y31.300 E307.03787
G1 F480 X94.700 Y11.300 E307.04785
G1 F480 X94.700 Y11.300 E307.05783
G1 F480 X94.300 Y11.300 E307.05783
G1 F480 X94.700 Y11.300 E307.06781
G1 F480 X94.700 Y31.300 E307.07779
G1 F480 X94.700 Y31.300 E307.08776
G1 F480 X94.700 Y31.300 E307.09774
G1 F480 X94.300 Y31.300 E307.09774
G1 F480 X94.300 Y31.300 E307.59664
G1 F480 X94.300 Y31.300 E308.09555
G1 F480 X94.300 Y31.300 E308.59445
G1 F480 X94.300 Y11.300 E308.59445
G1 F480 X94.700 Y31.300 E309.09335
G1 F480 X94.700 Y31.300 E309.59225
G1 F480 X94.700 Y11.300 E309.59225
G1 F480 X94.700 Y31.300 E310.09115
G1 F480 X96.700 Y11.300 E310.10113
G1 F480 X96.700 Y31.300 E310.60013
G1 F480 X96.700 Y31.300 E311.09913
G1 F480 X96.300 Y31.300 E311.59804
G1 F480 X96.700 Y11.300 E311.60802
G1 F480 X96.700 Y11.300 E311.61799
G1 F480 X96.300 Y11.300 E311.61799
G1 F480 X96.700 Y11.300 E311.62797
G1 F480 X96.700 Y31.300 E311.63795
G1 F480 X96.700 Y31.300 E311.64793
G1 F480 X96.700 Y31.300 E311.65791
G1 F480 X96.300 Y31.300 E311.65791
G1 F480 X96.300 Y31.300 E312.15681
G1 F480 X96.300 Y31.300 E312.65571
G1 F480 X96.300 Y31.300 E313.15461
G1 F480 X96.300 Y11.300 E313.15461
G1 F480 X96.700 Y31.300 E313.65351
G1 F480 X96.700 Y31.300 E314.15242
G1 F480 X96.700 Y11.300 E314.15242
G1 F480 X96.700 Y31.300 E314.65132
G1 F480 X98.700 Y11.300 E314.66130
G1 F480 X98.700 Y31.300 E315.16030
G1 F480 X98.700 Y31.300 E315.65930
G1 F480 X98.300 Y31.300 E316.15820
G1 F480 X98.700 Y11.300 E316.16818
G1 F480 X98.700 Y11.300 E316.17816
G1 F480 X98.300 Y11.300 E316.17816
G1 F480 X98.700 Y11.300 E316.18814
G1 F480 X98.700 Y31.300 E316.19811
G1 F480 X98.700 Y31.300 E316.20809
G1 F480 X98.700 Y31.300 E316.21807
G1 F480 X98.300 Y31.300 E316.21807
G1 F480 X98.300 Y31.300 E316.71697
G1 F480 X98.300 Y31.300 E317.21587
G1 F480 X98.300 Y31.300 E317.71478
G1 F480 X98.300 Y11.300 E317.71478
G1 F480 X98.700 Y31.300 E318.21368
G1 F480 X98.700 Y31.300 E318.71258
G1 F480 X98.700 Y11.300 E318.71258
G1 F480 X98.700 Y31.300 E319.21148
G1 F480 X100.700 Y11.300 E319.22146
G1 F480 X100.700 Y31.300 E319.72046
G1 F480 X100.700 Y31.300 E320.21946
G1 F480 X100.300 Y31.300 E320.71837
G1 F480 X100.700 Y11.300 E320.72834
G1 F480 X100.700 Y11.300 E320.73832
G1 F480 X100.300 Y11.300 E320.73832
G1 F480 X100.700 Y11.300 E320.74830
G1 F480 X100.700 Y31.300 E320.75828
G1 F480 X100.700 Y31.300 E320.76826
G1 F480 X100.700 Y31.300 E320.77823
G1 F480 X100.300 Y31.300 E320.77823
G1 F480 X100.300 Y31.300 E321.27714
G1 F480 X100.300 Y31.300 E321.77604
G1 F480 X100.300 Y31.300 E322.27494
G1 F480 X100.300 Y11.300 E322.27494
G1 F480 X100.700 Y31.300 E322.77384
G1 F480 X100.700 Y31.300 E323.27274
G1 F480 X100.700 Y11.300 E323.27274
G1 F480 X100.700 Y31.300 E323.77165
G1 F480 X102.700 Y11.300 E323.78162
G1 F480 X102.700 Y31.300 E324.28063
G1 F480 X102.700 Y31.300 E324.77963
G1 F480 X102.300 Y31.300 E325.27853
G1 F480 X102.700 Y11.300 E325.28851
G1 F480 X102.700 Y11.300 E325.29849
G1 F480 X102.300 Y11.300 E325.29849
G1 F480 X102.700 Y11.300 E325.30846
G1 F480 X102.700 Y31.300 E325.31844
G1 F480 X102.700 Y31.300 E325.32842
G1 F480 X102.700 Y31.300 E325.33840
G1 F480 X102.300 Y31.300 E325.33840
G1 F480 X102.300 Y31.300 E325.83730
G1 F480 X102.300 Y31.300 E326.33620
G1 F480 X102.300 Y31.300 E326.83510
G1 F480 X102.300 Y11.300 E326.83510
G1 F480 X102.700 Y31.300 E327.33401
G1 F480 X102.700 Y31.300 E327.83291
G1 F480 X102.700 Y11.300 E327.83291
G1 F480 X102.700 Y31.300 E328.33181
G1 F480 X104.700 Y11.300 E328.34179
G1 F480 X104.700 Y31.300 E328.84079
G1 F480 X104.700 Y31.300 E329.33979
G1 F480 X104.300 Y31.300 E329.83869
G1 F480 X104.700 Y11.300 E329.84867
G1 F480 X104.700 Y11.300 E329.85865
G1 F480 X104.300 Y11.300 E329.85865
G1 F480 X104.700 Y11.300 E329.86863
G1 F480 X104.700 Y31.300 E329.87861
G1 F480 X104.700 Y31.300 E329.88858
G1 F480 X104.700 Y31.300 E329.89856
G1 F480 X104.300 Y31.300 E329.89856
G1 F480 X104.300 Y31.300 E330.39746
G1 F480 X104.300 Y31.300 E330.89637
G1 F480 X104.300 Y31.300 E331.39527
G1 F480 X104.300 Y11.300 E331.39527
G1 F480 X104.700 Y31.300 E331.89417
G1 F480 X104.700 Y31.300 E332.39307
G1 F480 X104.700 Y11.300 E332.39307
G1 F480 X104.700 Y31.300 E332.89197
G1 F480 X106.700 Y11.300 E332.90195
G1 F480 X106.700 Y31.300 E333.40095
G1 F480 X106.700 Y31.300 E333.89996
G1 F480 X106.300 Y31.300 E334.39886
G1 F480 X106.700 Y11.300 E334.40884
G1 F480 X106.700 Y11.300 E334.41881
G1 F480 X106.300 Y11.300 E334.41881
G1 F480 X106.700 Y11.300 E334.42879
G1 F480 X106.700 Y31.300 E334.43877
G1 F480 X106.700 Y31.300 E334.44875
G1 F480 X106.700 Y31.300 E334.45873
G1 F480 X106.300 Y31.300 E334.45873
G1 F480 X106.300 Y31.300 E334.95763
G1 F480 X106.300 Y31.300 E335.45653
G1 F480 X106.300 Y31.300 E335.95543
G1 F480 X106.300 Y11.300 E335.95543
G1 F480 X106.700 Y31.300 E336.45433
G1 F480 X106.700 Y31.300 E336.95324
G1 F480 X106.700 Y11.300 E336.95324
G1 F480 X106.700 Y31.300 E337.45214
G1 F480 X108.700 Y11.300 E337.46212
G1 F480 X108.700 Y31.300 E337.96112
G1 F480 X108.700 Y31.300 E338.46012
G1 F480 X108.300 Y31.300 E338.95902
G1 F480 X108.700 Y11.300 E338.96900
G1 F480 X108.700 Y11.300 E338.97898
G1 F480 X108.300 Y11.300 E338.97898
G1 F480 X108.700 Y11.300 E338.98896
G1 F480 X108.700 Y31.300 E338.99893
G1 F480 X108.700 Y31.300 E339.00891
G1 F480 X108.700 Y31.300 E339.01889
G1 F480 X108.300 Y31.300 E339.01889
G1 F480 X108.300 Y31.300 E339.51779
G1 F480 X108.300 Y31.300 E340.01669
G1 F480 X108.300 Y31.300 E340.51560
G1 F480 X108.300 Y11.300 E340.51560
G1 F480 X108.700 Y31.300 E341.01450
G1 F480 X108.700 Y31.300 E341.51340
G1 F480 X108.700 Y11.300 E341.51340
G1 F480 X108.700 Y31.300 E342.01230
G1 F480 X110.700 Y11.300 E342.02228
G1 F480 X110.700 Y31.300 E342.52128
G1 F480 X110.700 Y31.300 E343.02028
G1 F480 X110.300 Y31.300 E343.51919
G1 F480 X110.700 Y11.300 E343.52916
G1 F480 X110.700 Y11.300 E343.53914
G1 F480 X110.300 Y11.300 E343.53914
G1 F480 X110.700 Y11.300 E343.54912
G1 F480 X110.700 Y31.300 E343.55910
G1 F480 X110.700 Y31.300 E343.56908
G1 F480 X110.700 Y31.300 E343.57905
G1 F480 X110.300 Y31.300 E343.57905
G1 F480 X110.300 Y31.300 E344.07796
G1 F480 X110.300 Y31.300 E344.57686
G1 F480 X110.300 Y31.300 E345.07576
G1 F480 X110.300 Y11.300 E345.07576
G1 F480 X110.700 Y31.300 E345.57466
G1 F480 X110.700 Y31.300 E346.07356
G1 F480 X110.700 Y11.300 E346.07356
G1 F480 X110.700 Y31.300 E346.57247
G1 F480 X112.700 Y11.300 E346.58244
G1 F480 X112.700 Y31.300 E347.08145
G1 F480 X112.700 Y31.300 E347.58045
G1 F480 X112.300 Y31.300 E348.07935
G1 F480 X112.700 Y11.300 E348.08933
G1 F480 X112.700 Y11.300 E348.09931
G1 F480 X112.300 Y11.300 E348.09931
G1 F480 X112.700 Y11.300 E348.10928
G1 F480 X112.700 Y31.300 E348.11926
G1 F480 X112.700 Y31.300 E348.12924
G1 F480 X112.700 Y31.300 E348.13922
G1 F480 X112.300 Y31.300 E348.13922
G1 F480 X112.300 Y31.300 E348.63812
G1 F480 X112.300 Y31.300 E349.13702
G1 F480 X112.300 Y31.300 E349.63592
G1 F480 X112.300 Y11.300 E349.63592
G1 F480 X112.700 Y31.300 E350.13483
G1 F480 X112.700 Y31.300 E350.63373
G1 F480 X112.700 Y11.300 E350.63373
G1 F480 X112.700 Y31.300 E351.13263

; Capa 11 / Z=1.65mm
G0 F6000 Z2.15 ; levantar para viaje
G0 F6000 X92.300 Y11.300 Z1.65
G1 F480 X92.700 Y31.300 E351.63163
G1 F480 X92.700 Y11.300 E351.64161
G1 F480 X92.300 Y31.300 E352.14051
G1 F480 X92.700 Y31.300 E352.63951
G1 F480 X92.700 Y11.300 E352.64949
G1 F480 X92.700 Y11.300 E352.65947
G1 F480 X92.300 Y11.300 E352.65947
G1 F480 X92.700 Y11.300 E352.66945
G1 F480 X92.700 Y31.300 E352.67943
G1 F480 X92.700 Y31.300 E352.68940
G1 F480 X92.700 Y31.300 E352.69938
G1 F480 X92.300 Y31.300 E352.69938
G1 F480 X92.300 Y31.300 E353.19828
G1 F480 X92.300 Y31.300 E353.69719
G1 F480 X92.300 Y31.300 E354.19609
G1 F480 X92.300 Y11.300 E354.19609
G1 F480 X92.700 Y31.300 E354.69499
G1 F480 X92.700 Y31.300 E355.19389
G1 F480 X92.700 Y11.300 E355.19389
G1 F480 X92.700 Y31.300 E355.69279
G1 F480 X94.700 Y31.300 E356.19180
G1 F480 X94.700 Y11.300 E356.20177
G1 F480 X94.300 Y31.300 E356.70068
G1 F480 X94.700 Y31.300 E357.19968
G1 F480 X94.700 Y11.300 E357.20966
G1 F480 X94.700 Y11.300 E357.21963
G1 F480 X94.300 Y11.300 E357.21963
G1 F480 X94.700 Y11.300 E357.22961
G1 F480 X94.700 Y31.300 E357.23959
G1 F480 X94.700 Y31.300 E357.24957
G1 F480 X94.700 Y31.300 E357.25955
G1 F480 X94.300 Y31.300 E357.25955
G1 F480 X94.300 Y31.300 E357.75845
G1 F480 X94.300 Y31.300 E358.25735
G1 F480 X94.300 Y31.300 E358.75625
G1 F480 X94.300 Y11.300 E358.75625
G1 F480 X94.700 Y31.300 E359.25515
G1 F480 X94.700 Y31.300 E359.75406
G1 F480 X94.700 Y11.300 E359.75406
G1 F480 X94.700 Y31.300 E360.25296
G1 F480 X96.700 Y31.300 E360.75196
G1 F480 X96.700 Y11.300 E360.76194
G1 F480 X96.300 Y31.300 E361.26084
G1 F480 X96.700 Y31.300 E361.75984
G1 F480 X96.700 Y11.300 E361.76982
G1 F480 X96.700 Y11.300 E361.77980
G1 F480 X96.300 Y11.300 E361.77980
G1 F480 X96.700 Y11.300 E361.78978
G1 F480 X96.700 Y31.300 E361.79975
G1 F480 X96.700 Y31.300 E361.80973
G1 F480 X96.700 Y31.300 E361.81971
G1 F480 X96.300 Y31.300 E361.81971
G1 F480 X96.300 Y31.300 E362.31861
G1 F480 X96.300 Y31.300 E362.81751
G1 F480 X96.300 Y31.300 E363.31642
G1 F480 X96.300 Y11.300 E363.31642
G1 F480 X96.700 Y31.300 E363.81532
G1 F480 X96.700 Y31.300 E364.31422
G1 F480 X96.700 Y11.300 E364.31422
G1 F480 X96.700 Y31.300 E364.81312
G1 F480 X98.700 Y31.300 E365.31212
G1 F480 X98.700 Y11.300 E365.32210
G1 F480 X98.300 Y31.300 E365.82100
G1 F480 X98.700 Y31.300 E366.32001
G1 F480 X98.700 Y11.300 E366.32998
G1 F480 X98.700 Y11.300 E366.33996
G1 F480 X98.300 Y11.300 E366.33996
G1 F480 X98.700 Y11.300 E366.34994
G1 F480 X98.700 Y31.300 E366.35992
G1 F480 X98.700 Y31.300 E366.36990
G1 F480 X98.700 Y31.300 E366.37987
G1 F480 X98.300 Y31.300 E366.37987
G1 F480 X98.300 Y31.300 E366.87878
G1 F480 X98.300 Y31.300 E367.37768
G1 F480 X98.300 Y31.300 E367.87658
G1 F480 X98.300 Y11.300 E367.87658
G1 F480 X98.700 Y31.300 E368.37548
G1 F480 X98.700 Y31.300 E368.87438
G1 F480 X98.700 Y11.300 E368.87438
G1 F480 X98.700 Y31.300 E369.37329
G1 F480 X100.700 Y31.300 E369.87229
G1 F480 X100.700 Y11.300 E369.88227
G1 F480 X100.300 Y31.300 E370.38117
G1 F480 X100.700 Y31.300 E370.88017
G1 F480 X100.700 Y11.300 E370.89015
G1 F480 X100.700 Y11.300 E370.90013
G1 F480 X100.300 Y11.300 E370.90013
G1 F480 X100.700 Y11.300 E370.91010
G1 F480 X100.700 Y31.300 E370.92008
G1 F480 X100.700 Y31.300 E370.93006
G1 F480 X100.700 Y31.300 E370.94004
G1 F480 X100.300 Y31.300 E370.94004
G1 F480 X100.300 Y31.300 E371.43894
G1 F480 X100.300 Y31.300 E371.93784
G1 F480 X100.300 Y31.300 E372.43674
G1 F480 X100.300 Y11.300 E372.43674
G1 F480 X100.700 Y31.300 E372.93565
G1 F480 X100.700 Y31.300 E373.43455
G1 F480 X100.700 Y11.300 E373.43455
G1 F480 X100.700 Y31.300 E373.93345
G1 F480 X102.700 Y31.300 E374.43245
G1 F480 X102.700 Y11.300 E374.44243
G1 F480 X102.300 Y31.300 E374.94133
G1 F480 X102.700 Y31.300 E375.44033
G1 F480 X102.700 Y11.300 E375.45031
G1 F480 X102.700 Y11.300 E375.46029
G1 F480 X102.300 Y11.300 E375.46029
G1 F480 X102.700 Y11.300 E375.47027
G1 F480 X102.700 Y31.300 E375.48025
G1 F480 X102.700 Y31.300 E375.49022
G1 F480 X102.700 Y31.300 E375.50020
G1 F480 X102.300 Y31.300 E375.50020
G1 F480 X102.300 Y31.300 E375.99910
G1 F480 X102.300 Y31.300 E376.49801
G1 F480 X102.300 Y31.300 E376.99691
G1 F480 X102.300 Y11.300 E376.99691
G1 F480 X102.700 Y31.300 E377.49581
G1 F480 X102.700 Y31.300 E377.99471
G1 F480 X102.700 Y11.300 E377.99471
G1 F480 X102.700 Y31.300 E378.49361
G1 F480 X104.700 Y31.300 E378.99262
G1 F480 X104.700 Y11.300 E379.00259
G1 F480 X104.300 Y31.300 E379.50150
G1 F480 X104.700 Y31.300 E380.00050
G1 F480 X104.700 Y11.300 E380.01048
G1 F480 X104.700 Y11.300 E380.02045
G1 F480 X104.300 Y11.300 E380.02045
G1 F480 X104.700 Y11.300 E380.03043
G1 F480 X104.700 Y31.300 E380.04041
G1 F480 X104.700 Y31.300 E380.05039
G1 F480 X104.700 Y31.300 E380.06037
G1 F480 X104.300 Y31.300 E380.06037
G1 F480 X104.300 Y31.300 E380.55927
G1 F480 X104.300 Y31.300 E381.05817
G1 F480 X104.300 Y31.300 E381.55707
G1 F480 X104.300 Y11.300 E381.55707
G1 F480 X104.700 Y31.300 E382.05597
G1 F480 X104.700 Y31.300 E382.55488
G1 F480 X104.700 Y11.300 E382.55488
G1 F480 X104.700 Y31.300 E383.05378
G1 F480 X106.700 Y31.300 E383.55278
G1 F480 X106.700 Y11.300 E383.56276
G1 F480 X106.300 Y31.300 E384.06166
G1 F480 X106.700 Y31.300 E384.56066
G1 F480 X106.700 Y11.300 E384.57064
G1 F480 X106.700 Y11.300 E384.58062
G1 F480 X106.300 Y11.300 E384.58062
G1 F480 X106.700 Y11.300 E384.59060
G1 F480 X106.700 Y31.300 E384.60057
G1 F480 X106.700 Y31.300 E384.61055
G1 F480 X106.700 Y31.300 E384.62053
G1 F480 X106.300 Y31.300 E384.62053
G1 F480 X106.300 Y31.300 E385.11943
G1 F480 X106.300 Y31.300 E385.61833
G1 F480 X106.300 Y31.300 E386.11724
G1 F480 X106.300 Y11.300 E386.11724
G1 F480 X106.700 Y31.300 E386.61614
G1 F480 X106.700 Y31.300 E387.11504
G1 F480 X106.700 Y11.300 E387.11504
G1 F480 X106.700 Y31.300 E387.61394
G1 F480 X108.700 Y31.300 E388.11294
G1 F480 X108.700 Y11.300 E388.12292
G1 F480 X108.300 Y31.300 E388.62182
G1 F480 X108.700 Y31.300 E389.12083
G1 F480 X108.700 Y11.300 E389.13080
G1 F480 X108.700 Y11.300 E389.14078
G1 F480 X108.300 Y11.300 E389.14078
G1 F480 X108.700 Y11.300 E389.15076
G1 F480 X108.700 Y31.300 E389.16074
G1 F480 X108.700 Y31.300 E389.17072
G1 F480 X108.700 Y31.300 E389.18069
G1 F480 X108.300 Y31.300 E389.18069
G1 F480 X108.300 Y31.300 E389.67960
G1 F480 X108.300 Y31.300 E390.17850
G1 F480 X108.300 Y31.300 E390.67740
G1 F480 X108.300 Y11.300 E390.67740
G1 F480 X108.700 Y31.300 E391.17630
G1 F480 X108.700 Y31.300 E391.67520
G1 F480 X108.700 Y11.300 E391.67520
G1 F480 X108.700 Y31.300 E392.17411
G1 F480 X110.700 Y31.300 E392.67311
G1 F480 X110.700 Y11.300 E392.68309
G1 F480 X110.300 Y31.300 E393.18199
G1 F480 X110.700 Y31.300 E393.68099
G1 F480 X110.700 Y11.300 E393.69097
G1 F480 X110.700 Y11.300 E393.70095
G1 F480 X110.300 Y11.300 E393.70095
G1 F480 X110.700 Y11.300 E393.71092
G1 F480 X110.700 Y31.300 E393.72090
G1 F480 X110.700 Y31.300 E393.73088
G1 F480 X110.700 Y31.300 E393.74086
G1 F480 X110.300 Y31.300 E393.74086
G1 F480 X110.300 Y31.300 E394.23976
G1 F480 X110.300 Y31.300 E394.73866
G1 F480 X110.300 Y31.300 E395.23756
G1 F480 X110.300 Y11.300 E395.23756
G1 F480 X110.700 Y31.300 E395.73647
G1 F480 X110.700 Y31.300 E396.23537
G1 F480 X110.700 Y11.300 E396.23537
G1 F480 X110.700 Y31.300 E396.73427
G1 F480 X112.700 Y31.300 E397.23327
G1 F480 X112.700 Y11.300 E397.24325
G1 F480 X112.300 Y31.300 E397.74215
G1 F480 X112.700 Y31.300 E398.24115
G1 F480 X112.700 Y11.300 E398.25113
G1 F480 X112.700 Y11.300 E398.26111
G1 F480 X112.300 Y11.300 E398.26111
G1 F480 X112.700 Y11.300 E398.27109
G1 F480 X112.700 Y31.300 E398.28107
G1 F480 X112.700 Y31.300 E398.29104
G1 F480 X112.700 Y31.300 E398.30102
G1 F480 X112.300 Y31.300 E398.30102
G1 F480 X112.300 Y31.300 E398.79992
G1 F480 X112.300 Y31.300 E399.29883
G1 F480 X112.300 Y31.300 E399.79773
G1 F480 X112.300 Y11.300 E399.79773
G1 F480 X112.700 Y31.300 E400.29663
G1 F480 X112.700 Y31.300 E400.79553
G1 F480 X112.700 Y11.300 E400.79553
G1 F480 X112.700 Y31.300 E401.29443
G0 F6000 Z3.65
G92 E0 ; reset extrusor tras pocillo 3

; --- Pocillo 5 | Modelo: scaffold_rectangular ---
; Centro: (63.5, 60.5) mm
; Capas: 11

; Capa 1 / Z=0.15mm
G0 F6000 Z0.65 ; levantar para viaje
G0 F6000 X53.300 Y50.300 Z0.15
G1 F480 X73.300 Y50.300 E0.49890
G1 F480 X73.300 Y50.700 E0.99790
G1 F480 X73.300 Y50.700 E1.49691
G1 F480 X53.300 Y50.700 E1.50688
G1 F480 X73.300 Y50.300 E2.00579
G1 F480 X73.300 Y50.300 E2.50469
G1 F480 X53.300 Y50.300 E2.50469
G1 F480 X73.300 Y50.300 E3.00359
G1 F480 X73.300 Y50.700 E3.50249
G1 F480 X73.300 Y50.700 E4.00139
G1 F480 X73.300 Y50.700 E4.50030
G1 F480 X53.300 Y50.700 E4.50030
G1 F480 X53.300 Y50.700 E4.51027
G1 F480 X53.300 Y50.700 E4.52025
G1 F480 X53.300 Y50.700 E4.53023
G1 F480 X53.300 Y50.300 E4.53023
G1 F480 X73.300 Y50.700 E4.54021
G1 F480 X73.300 Y50.700 E4.55019
G1 F480 X73.300 Y50.300 E4.55019
G1 F480 X73.300 Y50.700 E4.56016
G1 F480 X73.300 Y52.300 E5.05907
G1 F480 X73.300 Y52.700 E5.55807
G1 F480 X73.300 Y52.700 E6.05707
G1 F480 X53.300 Y52.700 E6.06705
G1 F480 X73.300 Y52.300 E6.56595
G1 F480 X73.300 Y52.300 E7.06485
G1 F480 X53.300 Y52.300 E7.06485
G1 F480 X73.300 Y52.300 E7.56375
G1 F480 X73.300 Y52.700 E8.06266
G1 F480 X73.300 Y52.700 E8.56156
G1 F480 X73.300 Y52.700 E9.06046
G1 F480 X53.300 Y52.700 E9.06046
G1 F480 X53.300 Y52.700 E9.07044
G1 F480 X53.300 Y52.700 E9.08042
G1 F480 X53.300 Y52.700 E9.09039
G1 F480 X53.300 Y52.300 E9.09039
G1 F480 X73.300 Y52.700 E9.10037
G1 F480 X73.300 Y52.700 E9.11035
G1 F480 X73.300 Y52.300 E9.11035
G1 F480 X73.300 Y52.700 E9.12033
G1 F480 X73.300 Y54.300 E9.61923
G1 F480 X73.300 Y54.700 E10.11823
G1 F480 X73.300 Y54.700 E10.61723
G1 F480 X53.300 Y54.700 E10.62721
G1 F480 X73.300 Y54.300 E11.12611
G1 F480 X73.300 Y54.300 E11.62502
G1 F480 X53.300 Y54.300 E11.62502
G1 F480 X73.300 Y54.300 E12.12392
G1 F480 X73.300 Y54.700 E12.62282
G1 F480 X73.300 Y54.700 E13.12172
G1 F480 X73.300 Y54.700 E13.62062
G1 F480 X53.300 Y54.700 E13.62062
G1 F480 X53.300 Y54.700 E13.63060
G1 F480 X53.300 Y54.700 E13.64058
G1 F480 X53.300 Y54.700 E13.65056
G1 F480 X53.300 Y54.300 E13.65056
G1 F480 X73.300 Y54.700 E13.66054
G1 F480 X73.300 Y54.700 E13.67051
G1 F480 X73.300 Y54.300 E13.67051
G1 F480 X73.300 Y54.700 E13.68049
G1 F480 X73.300 Y56.300 E14.17939
G1 F480 X73.300 Y56.700 E14.67840
G1 F480 X73.300 Y56.700 E15.17740
G1 F480 X53.300 Y56.700 E15.18738
G1 F480 X73.300 Y56.300 E15.68628
G1 F480 X73.300 Y56.300 E16.18518
G1 F480 X53.300 Y56.300 E16.18518
G1 F480 X73.300 Y56.300 E16.68408
G1 F480 X73.300 Y56.700 E17.18298
G1 F480 X73.300 Y56.700 E17.68189
G1 F480 X73.300 Y56.700 E18.18079
G1 F480 X53.300 Y56.700 E18.18079
G1 F480 X53.300 Y56.700 E18.19077
G1 F480 X53.300 Y56.700 E18.20074
G1 F480 X53.300 Y56.700 E18.21072
G1 F480 X53.300 Y56.300 E18.21072
G1 F480 X73.300 Y56.700 E18.22070
G1 F480 X73.300 Y56.700 E18.23068
G1 F480 X73.300 Y56.300 E18.23068
G1 F480 X73.300 Y56.700 E18.24066
G1 F480 X73.300 Y58.300 E18.73956
G1 F480 X73.300 Y58.700 E19.23856
G1 F480 X73.300 Y58.700 E19.73756
G1 F480 X53.300 Y58.700 E19.74754
G1 F480 X73.300 Y58.300 E20.24644
G1 F480 X73.300 Y58.300 E20.74534
G1 F480 X53.300 Y58.300 E20.74534
G1 F480 X73.300 Y58.300 E21.24425
G1 F480 X73.300 Y58.700 E21.74315
G1 F480 X73.300 Y58.700 E22.24205
G1 F480 X73.300 Y58.700 E22.74095
G1 F480 X53.300 Y58.700 E22.74095
G1 F480 X53.300 Y58.700 E22.75093
G1 F480 X53.300 Y58.700 E22.76091
G1 F480 X53.300 Y58.700 E22.77089
G1 F480 X53.300 Y58.300 E22.77089
G1 F480 X73.300 Y58.700 E22.78086
G1 F480 X73.300 Y58.700 E22.79084
G1 F480 X73.300 Y58.300 E22.79084
G1 F480 X73.300 Y58.700 E22.80082
G1 F480 X73.300 Y60.300 E23.29972
G1 F480 X73.300 Y60.700 E23.79872
G1 F480 X73.300 Y60.700 E24.29773
G1 F480 X53.300 Y60.700 E24.30770
G1 F480 X73.300 Y60.300 E24.80661
G1 F480 X73.300 Y60.300 E25.30551
G1 F480 X53.300 Y60.300 E25.30551
G1 F480 X73.300 Y60.300 E25.80441
G1 F480 X73.300 Y60.700 E26.30331
G1 F480 X73.300 Y60.700 E26.80221
G1 F480 X73.300 Y60.700 E27.30112
G1 F480 X53.300 Y60.700 E27.30112
G1 F480 X53.300 Y60.700 E27.31109
G1 F480 X53.300 Y60.700 E27.32107
G1 F480 X53.300 Y60.700 E27.33105
G1 F480 X53.300 Y60.300 E27.33105
G1 F480 X73.300 Y60.700 E27.34103
G1 F480 X73.300 Y60.700 E27.35101
G1 F480 X73.300 Y60.300 E27.35101
G1 F480 X73.300 Y60.700 E27.36098
G1 F480 X73.300 Y62.300 E27.85989
G1 F480 X73.300 Y62.700 E28.35889
G1 F480 X73.300 Y62.700 E28.85789
G1 F480 X53.300 Y62.700 E28.86787
G1 F480 X73.300 Y62.300 E29.36677
G1 F480 X73.300 Y62.300 E29.86567
G1 F480 X53.300 Y62.300 E29.86567
G1 F480 X73.300 Y62.300 E30.36457
G1 F480 X73.300 Y62.700 E30.86348
G1 F480 X73.300 Y62.700 E31.36238
G1 F480 X73.300 Y62.700 E31.86128
G1 F480 X53.300 Y62.700 E31.86128
G1 F480 X53.300 Y62.700 E31.87126
G1 F480 X53.300 Y62.700 E31.88124
G1 F480 X53.300 Y62.700 E31.89121
G1 F480 X53.300 Y62.300 E31.89121
G1 F480 X73.300 Y62.700 E31.90119
G1 F480 X73.300 Y62.700 E31.91117
G1 F480 X73.300 Y62.300 E31.91117
G1 F480 X73.300 Y62.700 E31.92115
G1 F480 X73.300 Y64.300 E32.42005
G1 F480 X73.300 Y64.700 E32.91905
G1 F480 X73.300 Y64.700 E33.41805
G1 F480 X53.300 Y64.700 E33.42803
G1 F480 X73.300 Y64.300 E33.92693
G1 F480 X73.300 Y64.300 E34.42584
G1 F480 X53.300 Y64.300 E34.42584
G1 F480 X73.300 Y64.300 E34.92474
G1 F480 X73.300 Y64.700 E35.42364
G1 F480 X73.300 Y64.700 E35.92254
G1 F480 X73.300 Y64.700 E36.42144
G1 F480 X53.300 Y64.700 E36.42144
G1 F480 X53.300 Y64.700 E36.43142
G1 F480 X53.300 Y64.700 E36.44140
G1 F480 X53.300 Y64.700 E36.45138
G1 F480 X53.300 Y64.300 E36.45138
G1 F480 X73.300 Y64.700 E36.46136
G1 F480 X73.300 Y64.700 E36.47133
G1 F480 X73.300 Y64.300 E36.47133
G1 F480 X73.300 Y64.700 E36.48131
G1 F480 X73.300 Y66.300 E36.98021
G1 F480 X73.300 Y66.700 E37.47922
G1 F480 X73.300 Y66.700 E37.97822
G1 F480 X53.300 Y66.700 E37.98820
G1 F480 X73.300 Y66.300 E38.48710
G1 F480 X73.300 Y66.300 E38.98600
G1 F480 X53.300 Y66.300 E38.98600
G1 F480 X73.300 Y66.300 E39.48490
G1 F480 X73.300 Y66.700 E39.98380
G1 F480 X73.300 Y66.700 E40.48271
G1 F480 X73.300 Y66.700 E40.98161
G1 F480 X53.300 Y66.700 E40.98161
G1 F480 X53.300 Y66.700 E40.99159
G1 F480 X53.300 Y66.700 E41.00156
G1 F480 X53.300 Y66.700 E41.01154
G1 F480 X53.300 Y66.300 E41.01154
G1 F480 X73.300 Y66.700 E41.02152
G1 F480 X73.300 Y66.700 E41.03150
G1 F480 X73.300 Y66.300 E41.03150
G1 F480 X73.300 Y66.700 E41.04148
G1 F480 X73.300 Y68.300 E41.54038
G1 F480 X73.300 Y68.700 E42.03938
G1 F480 X73.300 Y68.700 E42.53838
G1 F480 X53.300 Y68.700 E42.54836
G1 F480 X73.300 Y68.300 E43.04726
G1 F480 X73.300 Y68.300 E43.54616
G1 F480 X53.300 Y68.300 E43.54616
G1 F480 X73.300 Y68.300 E44.04507
G1 F480 X73.300 Y68.700 E44.54397
G1 F480 X73.300 Y68.700 E45.04287
G1 F480 X73.300 Y68.700 E45.54177
G1 F480 X53.300 Y68.700 E45.54177
G1 F480 X53.300 Y68.700 E45.55175
G1 F480 X53.300 Y68.700 E45.56173
G1 F480 X53.300 Y68.700 E45.57171
G1 F480 X53.300 Y68.300 E45.57171
G1 F480 X73.300 Y68.700 E45.58168
G1 F480 X73.300 Y68.700 E45.59166
G1 F480 X73.300 Y68.300 E45.59166
G1 F480 X73.300 Y68.700 E45.60164
G1 F480 X73.300 Y70.300 E46.10054
G1 F480 X73.300 Y70.700 E46.59954
G1 F480 X73.300 Y70.700 E47.09855
G1 F480 X53.300 Y70.700 E47.10852
G1 F480 X73.300 Y70.300 E47.60743
G1 F480 X73.300 Y70.300 E48.10633
G1 F480 X53.300 Y70.300 E48.10633
G1 F480 X73.300 Y70.300 E48.60523
G1 F480 X73.300 Y70.700 E49.10413
G1 F480 X73.300 Y70.700 E49.60303
G1 F480 X73.300 Y70.700 E50.10194
G1 F480 X53.300 Y70.700 E50.10194
G1 F480 X53.300 Y70.700 E50.11191
G1 F480 X53.300 Y70.700 E50.12189
G1 F480 X53.300 Y70.700 E50.13187
G1 F480 X53.300 Y70.300 E50.13187
G1 F480 X73.300 Y70.700 E50.14185
G1 F480 X73.300 Y70.700 E50.15183
G1 F480 X73.300 Y70.300 E50.15183
G1 F480 X73.300 Y70.700 E50.16180

; Capa 3 / Z=0.45mm
G0 F6000 Z0.95 ; levantar para viaje
G0 F6000 X53.300 Y50.300 Z0.45
G1 F480 X73.300 Y50.700 E50.66081
G1 F480 X73.300 Y50.300 E51.15971
G1 F480 X53.300 Y50.700 E51.16969
G1 F480 X73.300 Y50.700 E51.66869
G1 F480 X73.300 Y50.300 E52.16759
G1 F480 X73.300 Y50.300 E52.66649
G1 F480 X53.300 Y50.300 E52.66649
G1 F480 X73.300 Y50.300 E53.16539
G1 F480 X73.300 Y50.700 E53.66430
G1 F480 X73.300 Y50.700 E54.16320
G1 F480 X73.300 Y50.700 E54.66210
G1 F480 X53.300 Y50.700 E54.66210
G1 F480 X53.300 Y50.700 E54.67208
G1 F480 X53.300 Y50.700 E54.68206
G1 F480 X53.300 Y50.700 E54.69203
G1 F480 X53.300 Y50.300 E54.69203
G1 F480 X73.300 Y50.700 E54.70201
G1 F480 X73.300 Y50.700 E54.71199
G1 F480 X73.300 Y50.300 E54.71199
G1 F480 X73.300 Y50.700 E54.72197
G1 F480 X73.300 Y52.700 E55.22097
G1 F480 X73.300 Y52.300 E55.71987
G1 F480 X53.300 Y52.700 E55.72985
G1 F480 X73.300 Y52.700 E56.22885
G1 F480 X73.300 Y52.300 E56.72775
G1 F480 X73.300 Y52.300 E57.22666
G1 F480 X53.300 Y52.300 E57.22666
G1 F480 X73.300 Y52.300 E57.72556
G1 F480 X73.300 Y52.700 E58.22446
G1 F480 X73.300 Y52.700 E58.72336
G1 F480 X73.300 Y52.700 E59.22226
G1 F480 X53.300 Y52.700 E59.22226
G1 F480 X53.300 Y52.700 E59.23224
G1 F480 X53.300 Y52.700 E59.24222
G1 F480 X53.300 Y52.700 E59.25220
G1 F480 X53.300 Y52.300 E59.25220
G1 F480 X73.300 Y52.700 E59.26218
G1 F480 X73.300 Y52.700 E59.27215
G1 F480 X73.300 Y52.300 E59.27215
G1 F480 X73.300 Y52.700 E59.28213
G1 F480 X73.300 Y54.700 E59.78113
G1 F480 X73.300 Y54.300 E60.28004
G1 F480 X53.300 Y54.700 E60.29001
G1 F480 X73.300 Y54.700 E60.78902
G1 F480 X73.300 Y54.300 E61.28792
G1 F480 X73.300 Y54.300 E61.78682
G1 F480 X53.300 Y54.300 E61.78682
G1 F480 X73.300 Y54.300 E62.28572
G1 F480 X73.300 Y54.700 E62.78462
G1 F480 X73.300 Y54.700 E63.28353
G1 F480 X73.300 Y54.700 E63.78243
G1 F480 X53.300 Y54.700 E63.78243
G1 F480 X53.300 Y54.700 E63.79241
G1 F480 X53.300 Y54.700 E63.80238
G1 F480 X53.300 Y54.700 E63.81236
G1 F480 X53.300 Y54.300 E63.81236
G1 F480 X73.300 Y54.700 E63.82234
G1 F480 X73.300 Y54.700 E63.83232
G1 F480 X73.300 Y54.300 E63.83232
G1 F480 X73.300 Y54.700 E63.84230
G1 F480 X73.300 Y56.700 E64.34130
G1 F480 X73.300 Y56.300 E64.84020
G1 F480 X53.300 Y56.700 E64.85018
G1 F480 X73.300 Y56.700 E65.34918
G1 F480 X73.300 Y56.300 E65.84808
G1 F480 X73.300 Y56.300 E66.34698
G1 F480 X53.300 Y56.300 E66.34698
G1 F480 X73.300 Y56.300 E66.84589
G1 F480 X73.300 Y56.700 E67.34479
G1 F480 X73.300 Y56.700 E67.84369
G1 F480 X73.300 Y56.700 E68.34259
G1 F480 X53.300 Y56.700 E68.34259
G1 F480 X53.300 Y56.700 E68.35257
G1 F480 X53.300 Y56.700 E68.36255
G1 F480 X53.300 Y56.700 E68.37253
G1 F480 X53.300 Y56.300 E68.37253
G1 F480 X73.300 Y56.700 E68.38250
G1 F480 X73.300 Y56.700 E68.39248
G1 F480 X73.300 Y56.300 E68.39248
G1 F480 X73.300 Y56.700 E68.40246
G1 F480 X73.300 Y58.700 E68.90146
G1 F480 X73.300 Y58.300 E69.40036
G1 F480 X53.300 Y58.700 E69.41034
G1 F480 X73.300 Y58.700 E69.90934
G1 F480 X73.300 Y58.300 E70.40825
G1 F480 X73.300 Y58.300 E70.90715
G1 F480 X53.300 Y58.300 E70.90715
G1 F480 X73.300 Y58.300 E71.40605
G1 F480 X73.300 Y58.700 E71.90495
G1 F480 X73.300 Y58.700 E72.40385
G1 F480 X73.300 Y58.700 E72.90276
G1 F480 X53.300 Y58.700 E72.90276
G1 F480 X53.300 Y58.700 E72.91273
G1 F480 X53.300 Y58.700 E72.92271
G1 F480 X53.300 Y58.700 E72.93269
G1 F480 X53.300 Y58.300 E72.93269
G1 F480 X73.300 Y58.700 E72.94267
G1 F480 X73.300 Y58.700 E72.95265
G1 F480 X73.300 Y58.300 E72.95265
G1 F480 X73.300 Y58.700 E72.96262
G1 F480 X73.300 Y60.700 E73.46163
G1 F480 X73.300 Y60.300 E73.96053
G1 F480 X53.300 Y60.700 E73.97051
G1 F480 X73.300 Y60.700 E74.46951
G1 F480 X73.300 Y60.300 E74.96841
G1 F480 X73.300 Y60.300 E75.46731
G1 F480 X53.300 Y60.300 E75.46731
G1 F480 X73.300 Y60.300 E75.96621
G1 F480 X73.300 Y60.700 E76.46512
G1 F480 X73.300 Y60.700 E76.96402
G1 F480 X73.300 Y60.700 E77.46292
G1 F480 X53.300 Y60.700 E77.46292
G1 F480 X53.300 Y60.700 E77.47290
G1 F480 X53.300 Y60.700 E77.48288
G1 F480 X53.300 Y60.700 E77.49285
G1 F480 X53.300 Y60.300 E77.49285
G1 F480 X73.300 Y60.700 E77.50283
G1 F480 X73.300 Y60.700 E77.51281
G1 F480 X73.300 Y60.300 E77.51281
G1 F480 X73.300 Y60.700 E77.52279
G1 F480 X73.300 Y62.700 E78.02179
G1 F480 X73.300 Y62.300 E78.52069
G1 F480 X53.300 Y62.700 E78.53067
G1 F480 X73.300 Y62.700 E79.02967
G1 F480 X73.300 Y62.300 E79.52857
G1 F480 X73.300 Y62.300 E80.02748
G1 F480 X53.300 Y62.300 E80.02748
G1 F480 X73.300 Y62.300 E80.52638
G1 F480 X73.300 Y62.700 E81.02528
G1 F480 X73.300 Y62.700 E81.52418
G1 F480 X73.300 Y62.700 E82.02308
G1 F480 X53.300 Y62.700 E82.02308
G1 F480 X53.300 Y62.700 E82.03306
G1 F480 X53.300 Y62.700 E82.04304
G1 F480 X53.300 Y62.700 E82.05302
G1 F480 X53.300 Y62.300 E82.05302
G1 F480 X73.300 Y62.700 E82.06300
G1 F480 X73.300 Y62.700 E82.07297
G1 F480 X73.300 Y62.300 E82.07297
G1 F480 X73.300 Y62.700 E82.08295
G1 F480 X73.300 Y64.700 E82.58195
G1 F480 X73.300 Y64.300 E83.08086
G1 F480 X53.300 Y64.700 E83.09083
G1 F480 X73.300 Y64.700 E83.58984
G1 F480 X73.300 Y64.300 E84.08874
G1 F480 X73.300 Y64.300 E84.58764
G1 F480 X53.300 Y64.300 E84.58764
G1 F480 X73.300 Y64.300 E85.08654
G1 F480 X73.300 Y64.700 E85.58544
G1 F480 X73.300 Y64.700 E86.08435
G1 F480 X73.300 Y64.700 E86.58325
G1 F480 X53.300 Y64.700 E86.58325
G1 F480 X53.300 Y64.700 E86.59323
G1 F480 X53.300 Y64.700 E86.60320
G1 F480 X53.300 Y64.700 E86.61318
G1 F480 X53.300 Y64.300 E86.61318
G1 F480 X73.300 Y64.700 E86.62316
G1 F480 X73.300 Y64.700 E86.63314
G1 F480 X73.300 Y64.300 E86.63314
G1 F480 X73.300 Y64.700 E86.64312
G1 F480 X73.300 Y66.700 E87.14212
G1 F480 X73.300 Y66.300 E87.64102
G1 F480 X53.300 Y66.700 E87.65100
G1 F480 X73.300 Y66.700 E88.15000
G1 F480 X73.300 Y66.300 E88.64890
G1 F480 X73.300 Y66.300 E89.14780
G1 F480 X53.300 Y66.300 E89.14780
G1 F480 X73.300 Y66.300 E89.64671
G1 F480 X73.300 Y66.700 E90.14561
G1 F480 X73.300 Y66.700 E90.64451
G1 F480 X73.300 Y66.700 E91.14341
G1 F480 X53.300 Y66.700 E91.14341
G1 F480 X53.300 Y66.700 E91.15339
G1 F480 X53.300 Y66.700 E91.16337
G1 F480 X53.300 Y66.700 E91.17335
G1 F480 X53.300 Y66.300 E91.17335
G1 F480 X73.300 Y66.700 E91.18332
G1 F480 X73.300 Y66.700 E91.19330
G1 F480 X73.300 Y66.300 E91.19330
G1 F480 X73.300 Y66.700 E91.20328
G1 F480 X73.300 Y68.700 E91.70228
G1 F480 X73.300 Y68.300 E92.20118
G1 F480 X53.300 Y68.700 E92.21116
G1 F480 X73.300 Y68.700 E92.71016
G1 F480 X73.300 Y68.300 E93.20907
G1 F480 X73.300 Y68.300 E93.70797
G1 F480 X53.300 Y68.300 E93.70797
G1 F480 X73.300 Y68.300 E94.20687
G1 F480 X73.300 Y68.700 E94.70577
G1 F480 X73.300 Y68.700 E95.20467
G1 F480 X73.300 Y68.700 E95.70358
G1 F480 X53.300 Y68.700 E95.70358
G1 F480 X53.300 Y68.700 E95.71355
G1 F480 X53.300 Y68.700 E95.72353
G1 F480 X53.300 Y68.700 E95.73351
G1 F480 X53.300 Y68.300 E95.73351
G1 F480 X73.300 Y68.700 E95.74349
G1 F480 X73.300 Y68.700 E95.75347
G1 F480 X73.300 Y68.300 E95.75347
G1 F480 X73.300 Y68.700 E95.76344
G1 F480 X73.300 Y70.700 E96.26245
G1 F480 X73.300 Y70.300 E96.76135
G1 F480 X53.300 Y70.700 E96.77133
G1 F480 X73.300 Y70.700 E97.27033
G1 F480 X73.300 Y70.300 E97.76923
G1 F480 X73.300 Y70.300 E98.26813
G1 F480 X53.300 Y70.300 E98.26813
G1 F480 X73.300 Y70.300 E98.76703
G1 F480 X73.300 Y70.700 E99.26594
G1 F480 X73.300 Y70.700 E99.76484
G1 F480 X73.300 Y70.700 E100.26374
G1 F480 X53.300 Y70.700 E100.26374
G1 F480 X53.300 Y70.700 E100.27372
G1 F480 X53.300 Y70.700 E100.28370
G1 F480 X53.300 Y70.700 E100.29367
G1 F480 X53.300 Y70.300 E100.29367
G1 F480 X73.300 Y70.700 E100.30365
G1 F480 X73.300 Y70.700 E100.31363
G1 F480 X73.300 Y70.300 E100.31363
G1 F480 X73.300 Y70.700 E100.32361
G1 F480 X53.700 Y50.300 E100.33359
G1 F480 X53.700 Y70.300 E100.83259
G1 F480 X53.700 Y70.300 E101.33159
G1 F480 X53.300 Y70.300 E101.83049
G1 F480 X53.700 Y50.300 E101.84047
G1 F480 X53.700 Y50.300 E101.85045
G1 F480 X53.300 Y50.300 E101.85045
G1 F480 X53.700 Y50.300 E101.86043
G1 F480 X53.700 Y70.300 E101.87040
G1 F480 X53.700 Y70.300 E101.88038
G1 F480 X53.700 Y70.300 E101.89036
G1 F480 X53.300 Y70.300 E101.89036
G1 F480 X53.300 Y70.300 E102.38926
G1 F480 X53.300 Y70.300 E102.88816
G1 F480 X53.300 Y70.300 E103.38707
G1 F480 X53.300 Y50.300 E103.38707
G1 F480 X53.700 Y70.300 E103.88597
G1 F480 X53.700 Y70.300 E104.38487
G1 F480 X53.700 Y50.300 E104.38487
G1 F480 X53.700 Y70.300 E104.88377
G1 F480 X55.700 Y50.300 E104.89375
G1 F480 X55.700 Y70.300 E105.39275
G1 F480 X55.700 Y70.300 E105.89175
G1 F480 X55.300 Y70.300 E106.39066
G1 F480 X55.700 Y50.300 E106.40063
G1 F480 X55.700 Y50.300 E106.41061
G1 F480 X55.300 Y50.300 E106.41061
G1 F480 X55.700 Y50.300 E106.42059
G1 F480 X55.700 Y70.300 E106.43057
G1 F480 X55.700 Y70.300 E106.44055
G1 F480 X55.700 Y70.300 E106.45052
G1 F480 X55.300 Y70.300 E106.45052
G1 F480 X55.300 Y70.300 E106.94943
G1 F480 X55.300 Y70.300 E107.44833
G1 F480 X55.300 Y70.300 E107.94723
G1 F480 X55.300 Y50.300 E107.94723
G1 F480 X55.700 Y70.300 E108.44613
G1 F480 X55.700 Y70.300 E108.94503
G1 F480 X55.700 Y50.300 E108.94503
G1 F480 X55.700 Y70.300 E109.44394
G1 F480 X57.700 Y50.300 E109.45391
G1 F480 X57.700 Y70.300 E109.95292
G1 F480 X57.700 Y70.300 E110.45192
G1 F480 X57.300 Y70.300 E110.95082
G1 F480 X57.700 Y50.300 E110.96080
G1 F480 X57.700 Y50.300 E110.97078
G1 F480 X57.300 Y50.300 E110.97078
G1 F480 X57.700 Y50.300 E110.98075
G1 F480 X57.700 Y70.300 E110.99073
G1 F480 X57.700 Y70.300 E111.00071
G1 F480 X57.700 Y70.300 E111.01069
G1 F480 X57.300 Y70.300 E111.01069
G1 F480 X57.300 Y70.300 E111.50959
G1 F480 X57.300 Y70.300 E112.00849
G1 F480 X57.300 Y70.300 E112.50739
G1 F480 X57.300 Y50.300 E112.50739
G1 F480 X57.700 Y70.300 E113.00630
G1 F480 X57.700 Y70.300 E113.50520
G1 F480 X57.700 Y50.300 E113.50520
G1 F480 X57.700 Y70.300 E114.00410
G1 F480 X59.700 Y50.300 E114.01408
G1 F480 X59.700 Y70.300 E114.51308
G1 F480 X59.700 Y70.300 E115.01208
G1 F480 X59.300 Y70.300 E115.51098
G1 F480 X59.700 Y50.300 E115.52096
G1 F480 X59.700 Y50.300 E115.53094
G1 F480 X59.300 Y50.300 E115.53094
G1 F480 X59.700 Y50.300 E115.54092
G1 F480 X59.700 Y70.300 E115.55090
G1 F480 X59.700 Y70.300 E115.56087
G1 F480 X59.700 Y70.300 E115.57085
G1 F480 X59.300 Y70.300 E115.57085
G1 F480 X59.300 Y70.300 E116.06975
G1 F480 X59.300 Y70.300 E116.56866
G1 F480 X59.300 Y70.300 E117.06756
G1 F480 X59.300 Y50.300 E117.06756
G1 F480 X59.700 Y70.300 E117.56646
G1 F480 X59.700 Y70.300 E118.06536
G1 F480 X59.700 Y50.300 E118.06536
G1 F480 X59.700 Y70.300 E118.56426
G1 F480 X61.700 Y50.300 E118.57424
G1 F480 X61.700 Y70.300 E119.07324
G1 F480 X61.700 Y70.300 E119.57225
G1 F480 X61.300 Y70.300 E120.07115
G1 F480 X61.700 Y50.300 E120.08113
G1 F480 X61.700 Y50.300 E120.09110
G1 F480 X61.300 Y50.300 E120.09110
G1 F480 X61.700 Y50.300 E120.10108
G1 F480 X61.700 Y70.300 E120.11106
G1 F480 X61.700 Y70.300 E120.12104
G1 F480 X61.700 Y70.300 E120.13102
G1 F480 X61.300 Y70.300 E120.13102
G1 F480 X61.300 Y70.300 E120.62992
G1 F480 X61.300 Y70.300 E121.12882
G1 F480 X61.300 Y70.300 E121.62772
G1 F480 X61.300 Y50.300 E121.62772
G1 F480 X61.700 Y70.300 E122.12662
G1 F480 X61.700 Y70.300 E122.62553
G1 F480 X61.700 Y50.300 E122.62553
G1 F480 X61.700 Y70.300 E123.12443
G1 F480 X63.700 Y50.300 E123.13441
G1 F480 X63.700 Y70.300 E123.63341
G1 F480 X63.700 Y70.300 E124.13241
G1 F480 X63.300 Y70.300 E124.63131
G1 F480 X63.700 Y50.300 E124.64129
G1 F480 X63.700 Y50.300 E124.65127
G1 F480 X63.300 Y50.300 E124.65127
G1 F480 X63.700 Y50.300 E124.66125
G1 F480 X63.700 Y70.300 E124.67122
G1 F480 X63.700 Y70.300 E124.68120
G1 F480 X63.700 Y70.300 E124.69118
G1 F480 X63.300 Y70.300 E124.69118
G1 F480 X63.300 Y70.300 E125.19008
G1 F480 X63.300 Y70.300 E125.68898
G1 F480 X63.300 Y70.300 E126.18789
G1 F480 X63.300 Y50.300 E126.18789
G1 F480 X63.700 Y70.300 E126.68679
G1 F480 X63.700 Y70.300 E127.18569
G1 F480 X63.700 Y50.300 E127.18569
G1 F480 X63.700 Y70.300 E127.68459
G1 F480 X65.700 Y50.300 E127.69457
G1 F480 X65.700 Y70.300 E128.19357
G1 F480 X65.700 Y70.300 E128.69257
G1 F480 X65.300 Y70.300 E129.19148
G1 F480 X65.700 Y50.300 E129.20145
G1 F480 X65.700 Y50.300 E129.21143
G1 F480 X65.300 Y50.300 E129.21143
G1 F480 X65.700 Y50.300 E129.22141
G1 F480 X65.700 Y70.300 E129.23139
G1 F480 X65.700 Y70.300 E129.24137
G1 F480 X65.700 Y70.300 E129.25134
G1 F480 X65.300 Y70.300 E129.25134
G1 F480 X65.300 Y70.300 E129.75025
G1 F480 X65.300 Y70.300 E130.24915
G1 F480 X65.300 Y70.300 E130.74805
G1 F480 X65.300 Y50.300 E130.74805
G1 F480 X65.700 Y70.300 E131.24695
G1 F480 X65.700 Y70.300 E131.74585
G1 F480 X65.700 Y50.300 E131.74585
G1 F480 X65.700 Y70.300 E132.24476
G1 F480 X67.700 Y50.300 E132.25473
G1 F480 X67.700 Y70.300 E132.75374
G1 F480 X67.700 Y70.300 E133.25274
G1 F480 X67.300 Y70.300 E133.75164
G1 F480 X67.700 Y50.300 E133.76162
G1 F480 X67.700 Y50.300 E133.77160
G1 F480 X67.300 Y50.300 E133.77160
G1 F480 X67.700 Y50.300 E133.78157
G1 F480 X67.700 Y70.300 E133.79155
G1 F480 X67.700 Y70.300 E133.80153
G1 F480 X67.700 Y70.300 E133.81151
G1 F480 X67.300 Y70.300 E133.81151
G1 F480 X67.300 Y70.300 E134.31041
G1 F480 X67.300 Y70.300 E134.80931
G1 F480 X67.300 Y70.300 E135.30821
G1 F480 X67.300 Y50.300 E135.30821
G1 F480 X67.700 Y70.300 E135.80712
G1 F480 X67.700 Y70.300 E136.30602
G1 F480 X67.700 Y50.300 E136.30602
G1 F480 X67.700 Y70.300 E136.80492
G1 F480 X69.700 Y50.300 E136.81490
G1 F480 X69.700 Y70.300 E137.31390
G1 F480 X69.700 Y70.300 E137.81290
G1 F480 X69.300 Y70.300 E138.31180
G1 F480 X69.700 Y50.300 E138.32178
G1 F480 X69.700 Y50.300 E138.33176
G1 F480 X69.300 Y50.300 E138.33176
G1 F480 X69.700 Y50.300 E138.34174
G1 F480 X69.700 Y70.300 E138.35172
G1 F480 X69.700 Y70.300 E138.36169
G1 F480 X69.700 Y70.300 E138.37167
G1 F480 X69.300 Y70.300 E138.37167
G1 F480 X69.300 Y70.300 E138.87057
G1 F480 X69.300 Y70.300 E139.36948
G1 F480 X69.300 Y70.300 E139.86838
G1 F480 X69.300 Y50.300 E139.86838
G1 F480 X69.700 Y70.300 E140.36728
G1 F480 X69.700 Y70.300 E140.86618
G1 F480 X69.700 Y50.300 E140.86618
G1 F480 X69.700 Y70.300 E141.36508
G1 F480 X71.700 Y50.300 E141.37506
G1 F480 X71.700 Y70.300 E141.87406
G1 F480 X71.700 Y70.300 E142.37307
G1 F480 X71.300 Y70.300 E142.87197
G1 F480 X71.700 Y50.300 E142.88195
G1 F480 X71.700 Y50.300 E142.89192
G1 F480 X71.300 Y50.300 E142.89192
G1 F480 X71.700 Y50.300 E142.90190
G1 F480 X71.700 Y70.300 E142.91188
G1 F480 X71.700 Y70.300 E142.92186
G1 F480 X71.700 Y70.300 E142.93184
G1 F480 X71.300 Y70.300 E142.93184
G1 F480 X71.300 Y70.300 E143.43074
G1 F480 X71.300 Y70.300 E143.92964
G1 F480 X71.300 Y70.300 E144.42854
G1 F480 X71.300 Y50.300 E144.42854
G1 F480 X71.700 Y70.300 E144.92744
G1 F480 X71.700 Y70.300 E145.42635
G1 F480 X71.700 Y50.300 E145.42635
G1 F480 X71.700 Y70.300 E145.92525
G1 F480 X73.700 Y50.300 E145.93523
G1 F480 X73.700 Y70.300 E146.43423
G1 F480 X73.700 Y70.300 E146.93323
G1 F480 X73.300 Y70.300 E147.43213
G1 F480 X73.700 Y50.300 E147.44211
G1 F480 X73.700 Y50.300 E147.45209
G1 F480 X73.300 Y50.300 E147.45209
G1 F480 X73.700 Y50.300 E147.46207
G1 F480 X73.700 Y70.300 E147.47204
G1 F480 X73.700 Y70.300 E147.48202
G1 F480 X73.700 Y70.300 E147.49200
G1 F480 X73.300 Y70.300 E147.49200
G1 F480 X73.300 Y70.300 E147.99090
G1 F480 X73.300 Y70.300 E148.48980
G1 F480 X73.300 Y70.300 E148.98871
G1 F480 X73.300 Y50.300 E148.98871
G1 F480 X73.700 Y70.300 E149.48761
G1 F480 X73.700 Y70.300 E149.98651
G1 F480 X73.700 Y50.300 E149.98651
G1 F480 X73.700 Y70.300 E150.48541

; Capa 6 / Z=0.90mm
G0 F6000 Z1.40 ; levantar para viaje
G0 F6000 X53.300 Y50.300 Z0.90
G1 F480 X53.700 Y70.300 E150.98441
G1 F480 X53.700 Y50.300 E150.99439
G1 F480 X53.300 Y70.300 E151.49329
G1 F480 X53.700 Y70.300 E151.99230
G1 F480 X53.700 Y50.300 E152.00227
G1 F480 X53.700 Y50.300 E152.01225
G1 F480 X53.300 Y50.300 E152.01225
G1 F480 X53.700 Y50.300 E152.02223
G1 F480 X53.700 Y70.300 E152.03221
G1 F480 X53.700 Y70.300 E152.04219
G1 F480 X53.700 Y70.300 E152.05216
G1 F480 X53.300 Y70.300 E152.05216
G1 F480 X53.300 Y70.300 E152.55107
G1 F480 X53.300 Y70.300 E153.04997
G1 F480 X53.300 Y70.300 E153.54887
G1 F480 X53.300 Y50.300 E153.54887
G1 F480 X53.700 Y70.300 E154.04777
G1 F480 X53.700 Y70.300 E154.54667
G1 F480 X53.700 Y50.300 E154.54667
G1 F480 X53.700 Y70.300 E155.04558
G1 F480 X55.700 Y70.300 E155.54458
G1 F480 X55.700 Y50.300 E155.55456
G1 F480 X55.300 Y70.300 E156.05346
G1 F480 X55.700 Y70.300 E156.55246
G1 F480 X55.700 Y50.300 E156.56244
G1 F480 X55.700 Y50.300 E156.57242
G1 F480 X55.300 Y50.300 E156.57242
G1 F480 X55.700 Y50.300 E156.58239
G1 F480 X55.700 Y70.300 E156.59237
G1 F480 X55.700 Y70.300 E156.60235
G1 F480 X55.700 Y70.300 E156.61233
G1 F480 X55.300 Y70.300 E156.61233
G1 F480 X55.300 Y70.300 E157.11123
G1 F480 X55.300 Y70.300 E157.61013
G1 F480 X55.300 Y70.300 E158.10903
G1 F480 X55.300 Y50.300 E158.10903
G1 F480 X55.700 Y70.300 E158.60794
G1 F480 X55.700 Y70.300 E159.10684
G1 F480 X55.700 Y50.300 E159.10684
G1 F480 X55.700 Y70.300 E159.60574
G1 F480 X57.700 Y70.300 E160.10474
G1 F480 X57.700 Y50.300 E160.11472
G1 F480 X57.300 Y70.300 E160.61362
G1 F480 X57.700 Y70.300 E161.11262
G1 F480 X57.700 Y50.300 E161.12260
G1 F480 X57.700 Y50.300 E161.13258
G1 F480 X57.300 Y50.300 E161.13258
G1 F480 X57.700 Y50.300 E161.14256
G1 F480 X57.700 Y70.300 E161.15254
G1 F480 X57.700 Y70.300 E161.16251
G1 F480 X57.700 Y70.300 E161.17249
G1 F480 X57.300 Y70.300 E161.17249
G1 F480 X57.300 Y70.300 E161.67139
G1 F480 X57.300 Y70.300 E162.17030
G1 F480 X57.300 Y70.300 E162.66920
G1 F480 X57.300 Y50.300 E162.66920
G1 F480 X57.700 Y70.300 E163.16810
G1 F480 X57.700 Y70.300 E163.66700
G1 F480 X57.700 Y50.300 E163.66700
G1 F480 X57.700 Y70.300 E164.16590
G1 F480 X59.700 Y70.300 E164.66491
G1 F480 X59.700 Y50.300 E164.67488
G1 F480 X59.300 Y70.300 E165.17379
G1 F480 X59.700 Y70.300 E165.67279
G1 F480 X59.700 Y50.300 E165.68277
G1 F480 X59.700 Y50.300 E165.69274
G1 F480 X59.300 Y50.300 E165.69274
G1 F480 X59.700 Y50.300 E165.70272
G1 F480 X59.700 Y70.300 E165.71270
G1 F480 X59.700 Y70.300 E165.72268
G1 F480 X59.700 Y70.300 E165.73266
G1 F480 X59.300 Y70.300 E165.73266
G1 F480 X59.300 Y70.300 E166.23156
G1 F480 X59.300 Y70.300 E166.73046
G1 F480 X59.300 Y70.300 E167.22936
G1 F480 X59.300 Y50.300 E167.22936
G1 F480 X59.700 Y70.300 E167.72826
G1 F480 X59.700 Y70.300 E168.22717
G1 F480 X59.700 Y50.300 E168.22717
G1 F480 X59.700 Y70.300 E168.72607
G1 F480 X61.700 Y70.300 E169.22507
G1 F480 X61.700 Y50.300 E169.23505
G1 F480 X61.300 Y70.300 E169.73395
G1 F480 X61.700 Y70.300 E170.23295
G1 F480 X61.700 Y50.300 E170.24293
G1 F480 X61.700 Y50.300 E170.25291
G1 F480 X61.300 Y50.300 E170.25291
G1 F480 X61.700 Y50.300 E170.26289
G1 F480 X61.700 Y70.300 E170.27286
G1 F480 X61.700 Y70.300 E170.28284
G1 F480 X61.700 Y70.300 E170.29282
G1 F480 X61.300 Y70.300 E170.29282
G1 F480 X61.300 Y70.300 E170.79172
G1 F480 X61.300 Y70.300 E171.29062
G1 F480 X61.300 Y70.300 E171.78953
G1 F480 X61.300 Y50.300 E171.78953
G1 F480 X61.700 Y70.300 E172.28843
G1 F480 X61.700 Y70.300 E172.78733
G1 F480 X61.700 Y50.300 E172.78733
G1 F480 X61.700 Y70.300 E173.28623
G1 F480 X63.700 Y70.300 E173.78523
G1 F480 X63.700 Y50.300 E173.79521
G1 F480 X63.300 Y70.300 E174.29411
G1 F480 X63.700 Y70.300 E174.79312
G1 F480 X63.700 Y50.300 E174.80309
G1 F480 X63.700 Y50.300 E174.81307
G1 F480 X63.300 Y50.300 E174.81307
G1 F480 X63.700 Y50.300 E174.82305
G1 F480 X63.700 Y70.300 E174.83303
G1 F480 X63.700 Y70.300 E174.84301
G1 F480 X63.700 Y70.300 E174.85298
G1 F480 X63.300 Y70.300 E174.85298
G1 F480 X63.300 Y70.300 E175.35189
G1 F480 X63.300 Y70.300 E175.85079
G1 F480 X63.300 Y70.300 E176.34969
G1 F480 X63.300 Y50.300 E176.34969
G1 F480 X63.700 Y70.300 E176.84859
G1 F480 X63.700 Y70.300 E177.34749
G1 F480 X63.700 Y50.300 E177.34749
G1 F480 X63.700 Y70.300 E177.84640
G1 F480 X65.700 Y70.300 E178.34540
G1 F480 X65.700 Y50.300 E178.35538
G1 F480 X65.300 Y70.300 E178.85428
G1 F480 X65.700 Y70.300 E179.35328
G1 F480 X65.700 Y50.300 E179.36326
G1 F480 X65.700 Y50.300 E179.37324
G1 F480 X65.300 Y50.300 E179.37324
G1 F480 X65.700 Y50.300 E179.38321
G1 F480 X65.700 Y70.300 E179.39319
G1 F480 X65.700 Y70.300 E179.40317
G1 F480 X65.700 Y70.300 E179.41315
G1 F480 X65.300 Y70.300 E179.41315
G1 F480 X65.300 Y70.300 E179.91205
G1 F480 X65.300 Y70.300 E180.41095
G1 F480 X65.300 Y70.300 E180.90985
G1 F480 X65.300 Y50.300 E180.90985
G1 F480 X65.700 Y70.300 E181.40876
G1 F480 X65.700 Y70.300 E181.90766
G1 F480 X65.700 Y50.300 E181.90766
G1 F480 X65.700 Y70.300 E182.40656
G1 F480 X67.700 Y70.300 E182.90556
G1 F480 X67.700 Y50.300 E182.91554
G1 F480 X67.300 Y70.300 E183.41444
G1 F480 X67.700 Y70.300 E183.91344
G1 F480 X67.700 Y50.300 E183.92342
G1 F480 X67.700 Y50.300 E183.93340
G1 F480 X67.300 Y50.300 E183.93340
G1 F480 X67.700 Y50.300 E183.94338
G1 F480 X67.700 Y70.300 E183.95336
G1 F480 X67.700 Y70.300 E183.96333
G1 F480 X67.700 Y70.300 E183.97331
G1 F480 X67.300 Y70.300 E183.97331
G1 F480 X67.300 Y70.300 E184.47221
G1 F480 X67.300 Y70.300 E184.97112
G1 F480 X67.300 Y70.300 E185.47002
G1 F480 X67.300 Y50.300 E185.47002
G1 F480 X67.700 Y70.300 E185.96892
G1 F480 X67.700 Y70.300 E186.46782
G1 F480 X67.700 Y50.300 E186.46782
G1 F480 X67.700 Y70.300 E186.96672
G1 F480 X69.700 Y70.300 E187.46573
G1 F480 X69.700 Y50.300 E187.47570
G1 F480 X69.300 Y70.300 E187.97461
G1 F480 X69.700 Y70.300 E188.47361
G1 F480 X69.700 Y50.300 E188.48359
G1 F480 X69.700 Y50.300 E188.49356
G1 F480 X69.300 Y50.300 E188.49356
G1 F480 X69.700 Y50.300 E188.50354
G1 F480 X69.700 Y70.300 E188.51352
G1 F480 X69.700 Y70.300 E188.52350
G1 F480 X69.700 Y70.300 E188.53348
G1 F480 X69.300 Y70.300 E188.53348
G1 F480 X69.300 Y70.300 E189.03238
G1 F480 X69.300 Y70.300 E189.53128
G1 F480 X69.300 Y70.300 E190.03018
G1 F480 X69.300 Y50.300 E190.03018
G1 F480 X69.700 Y70.300 E190.52908
G1 F480 X69.700 Y70.300 E191.02799
G1 F480 X69.700 Y50.300 E191.02799
G1 F480 X69.700 Y70.300 E191.52689
G1 F480 X71.700 Y70.300 E192.02589
G1 F480 X71.700 Y50.300 E192.03587
G1 F480 X71.300 Y70.300 E192.53477
G1 F480 X71.700 Y70.300 E193.03377
G1 F480 X71.700 Y50.300 E193.04375
G1 F480 X71.700 Y50.300 E193.05373
G1 F480 X71.300 Y50.300 E193.05373
G1 F480 X71.700 Y50.300 E193.06371
G1 F480 X71.700 Y70.300 E193.07368
G1 F480 X71.700 Y70.300 E193.08366
G1 F480 X71.700 Y70.300 E193.09364
G1 F480 X71.300 Y70.300 E193.09364
G1 F480 X71.300 Y70.300 E193.59254
G1 F480 X71.300 Y70.300 E194.09144
G1 F480 X71.300 Y70.300 E194.59035
G1 F480 X71.300 Y50.300 E194.59035
G1 F480 X71.700 Y70.300 E195.08925
G1 F480 X71.700 Y70.300 E195.58815
G1 F480 X71.700 Y50.300 E195.58815
G1 F480 X71.700 Y70.300 E196.08705
G1 F480 X73.700 Y70.300 E196.58605
G1 F480 X73.700 Y50.300 E196.59603
G1 F480 X73.300 Y70.300 E197.09493
G1 F480 X73.700 Y70.300 E197.59394
G1 F480 X73.700 Y50.300 E197.60391
G1 F480 X73.700 Y50.300 E197.61389
G1 F480 X73.300 Y50.300 E197.61389
G1 F480 X73.700 Y50.300 E197.62387
G1 F480 X73.700 Y70.300 E197.63385
G1 F480 X73.700 Y70.300 E197.64383
G1 F480 X73.700 Y70.300 E197.65380
G1 F480 X73.300 Y70.300 E197.65380
G1 F480 X73.300 Y70.300 E198.15271
G1 F480 X73.300 Y70.300 E198.65161
G1 F480 X73.300 Y70.300 E199.15051
G1 F480 X73.300 Y50.300 E199.15051
G1 F480 X73.700 Y70.300 E199.64941
G1 F480 X73.700 Y70.300 E200.14831
G1 F480 X73.700 Y50.300 E200.14831
G1 F480 X73.700 Y70.300 E200.64722
G1 F480 X73.300 Y50.300 E201.14612
G1 F480 X73.300 Y50.700 E201.64512
G1 F480 X73.300 Y50.700 E202.14412
G1 F480 X53.300 Y50.700 E202.15410
G1 F480 X73.300 Y50.300 E202.65300
G1 F480 X73.300 Y50.300 E203.15190
G1 F480 X53.300 Y50.300 E203.15190
G1 F480 X73.300 Y50.300 E203.65081
G1 F480 X73.300 Y50.700 E204.14971
G1 F480 X73.300 Y50.700 E204.64861
G1 F480 X73.300 Y50.700 E205.14751
G1 F480 X53.300 Y50.700 E205.14751
G1 F480 X53.300 Y50.700 E205.15749
G1 F480 X53.300 Y50.700 E205.16747
G1 F480 X53.300 Y50.700 E205.17745
G1 F480 X53.300 Y50.300 E205.17745
G1 F480 X73.300 Y50.700 E205.18742
G1 F480 X73.300 Y50.700 E205.19740
G1 F480 X73.300 Y50.300 E205.19740
G1 F480 X73.300 Y50.700 E205.20738
G1 F480 X73.300 Y52.300 E205.70628
G1 F480 X73.300 Y52.700 E206.20528
G1 F480 X73.300 Y52.700 E206.70429
G1 F480 X53.300 Y52.700 E206.71426
G1 F480 X73.300 Y52.300 E207.21317
G1 F480 X73.300 Y52.300 E207.71207
G1 F480 X53.300 Y52.300 E207.71207
G1 F480 X73.300 Y52.300 E208.21097
G1 F480 X73.300 Y52.700 E208.70987
G1 F480 X73.300 Y52.700 E209.20877
G1 F480 X73.300 Y52.700 E209.70768
G1 F480 X53.300 Y52.700 E209.70768
G1 F480 X53.300 Y52.700 E209.71765
G1 F480 X53.300 Y52.700 E209.72763
G1 F480 X53.300 Y52.700 E209.73761
G1 F480 X53.300 Y52.300 E209.73761
G1 F480 X73.300 Y52.700 E209.74759
G1 F480 X73.300 Y52.700 E209.75757
G1 F480 X73.300 Y52.300 E209.75757
G1 F480 X73.300 Y52.700 E209.76754
G1 F480 X73.300 Y54.300 E210.26645
G1 F480 X73.300 Y54.700 E210.76545
G1 F480 X73.300 Y54.700 E211.26445
G1 F480 X53.300 Y54.700 E211.27443
G1 F480 X73.300 Y54.300 E211.77333
G1 F480 X73.300 Y54.300 E212.27223
G1 F480 X53.300 Y54.300 E212.27223
G1 F480 X73.300 Y54.300 E212.77113
G1 F480 X73.300 Y54.700 E213.27004
G1 F480 X73.300 Y54.700 E213.76894
G1 F480 X73.300 Y54.700 E214.26784
G1 F480 X53.300 Y54.700 E214.26784
G1 F480 X53.300 Y54.700 E214.27782
G1 F480 X53.300 Y54.700 E214.28780
G1 F480 X53.300 Y54.700 E214.29777
G1 F480 X53.300 Y54.300 E214.29777
G1 F480 X73.300 Y54.700 E214.30775
G1 F480 X73.300 Y54.700 E214.31773
G1 F480 X73.300 Y54.300 E214.31773
G1 F480 X73.300 Y54.700 E214.32771
G1 F480 X73.300 Y56.300 E214.82661
G1 F480 X73.300 Y56.700 E215.32561
G1 F480 X73.300 Y56.700 E215.82461
G1 F480 X53.300 Y56.700 E215.83459
G1 F480 X73.300 Y56.300 E216.33349
G1 F480 X73.300 Y56.300 E216.83240
G1 F480 X53.300 Y56.300 E216.83240
G1 F480 X73.300 Y56.300 E217.33130
G1 F480 X73.300 Y56.700 E217.83020
G1 F480 X73.300 Y56.700 E218.32910
G1 F480 X73.300 Y56.700 E218.82800
G1 F480 X53.300 Y56.700 E218.82800
G1 F480 X53.300 Y56.700 E218.83798
G1 F480 X53.300 Y56.700 E218.84796
G1 F480 X53.300 Y56.700 E218.85794
G1 F480 X53.300 Y56.300 E218.85794
G1 F480 X73.300 Y56.700 E218.86792
G1 F480 X73.300 Y56.700 E218.87790
G1 F480 X73.300 Y56.300 E218.87790
G1 F480 X73.300 Y56.700 E218.88787
G1 F480 X73.300 Y58.300 E219.38678
G1 F480 X73.300 Y58.700 E219.88578
G1 F480 X73.300 Y58.700 E220.38478
G1 F480 X53.300 Y58.700 E220.39476
G1 F480 X73.300 Y58.300 E220.89366
G1 F480 X73.300 Y58.300 E221.39256
G1 F480 X53.300 Y58.300 E221.39256
G1 F480 X73.300 Y58.300 E221.89146
G1 F480 X73.300 Y58.700 E222.39036
G1 F480 X73.300 Y58.700 E222.88927
G1 F480 X73.300 Y58.700 E223.38817
G1 F480 X53.300 Y58.700 E223.38817
G1 F480 X53.300 Y58.700 E223.39815
G1 F480 X53.300 Y58.700 E223.40812
G1 F480 X53.300 Y58.700 E223.41810
G1 F480 X53.300 Y58.300 E223.41810
G1 F480 X73.300 Y58.700 E223.42808
G1 F480 X73.300 Y58.700 E223.43806
G1 F480 X73.300 Y58.300 E223.43806
G1 F480 X73.300 Y58.700 E223.44804
G1 F480 X73.300 Y60.300 E223.94694
G1 F480 X73.300 Y60.700 E224.44594
G1 F480 X73.300 Y60.700 E224.94494
G1 F480 X53.300 Y60.700 E224.95492
G1 F480 X73.300 Y60.300 E225.45382
G1 F480 X73.300 Y60.300 E225.95272
G1 F480 X53.300 Y60.300 E225.95272
G1 F480 X73.300 Y60.300 E226.45163
G1 F480 X73.300 Y60.700 E226.95053
G1 F480 X73.300 Y60.700 E227.44943
G1 F480 X73.300 Y60.700 E227.94833
G1 F480 X53.300 Y60.700 E227.94833
G1 F480 X53.300 Y60.700 E227.95831
G1 F480 X53.300 Y60.700 E227.96829
G1 F480 X53.300 Y60.700 E227.97827
G1 F480 X53.300 Y60.300 E227.97827
G1 F480 X73.300 Y60.700 E227.98824
G1 F480 X73.300 Y60.700 E227.99822
G1 F480 X73.300 Y60.300 E227.99822
G1 F480 X73.300 Y60.700 E228.00820
G1 F480 X73.300 Y62.300 E228.50710
G1 F480 X73.300 Y62.700 E229.00610
G1 F480 X73.300 Y62.700 E229.50511
G1 F480 X53.300 Y62.700 E229.51508
G1 F480 X73.300 Y62.300 E230.01399
G1 F480 X73.300 Y62.300 E230.51289
G1 F480 X53.300 Y62.300 E230.51289
G1 F480 X73.300 Y62.300 E231.01179
G1 F480 X73.300 Y62.700 E231.51069
G1 F480 X73.300 Y62.700 E232.00959
G1 F480 X73.300 Y62.700 E232.50850
G1 F480 X53.300 Y62.700 E232.50850
G1 F480 X53.300 Y62.700 E232.51847
G1 F480 X53.300 Y62.700 E232.52845
G1 F480 X53.300 Y62.700 E232.53843
G1 F480 X53.300 Y62.300 E232.53843
G1 F480 X73.300 Y62.700 E232.54841
G1 F480 X73.300 Y62.700 E232.55839
G1 F480 X73.300 Y62.300 E232.55839
G1 F480 X73.300 Y62.700 E232.56837
G1 F480 X73.300 Y64.300 E233.06727
G1 F480 X73.300 Y64.700 E233.56627
G1 F480 X73.300 Y64.700 E234.06527
G1 F480 X53.300 Y64.700 E234.07525
G1 F480 X73.300 Y64.300 E234.57415
G1 F480 X73.300 Y64.300 E235.07305
G1 F480 X53.300 Y64.300 E235.07305
G1 F480 X73.300 Y64.300 E235.57195
G1 F480 X73.300 Y64.700 E236.07086
G1 F480 X73.300 Y64.700 E236.56976
G1 F480 X73.300 Y64.700 E237.06866
G1 F480 X53.300 Y64.700 E237.06866
G1 F480 X53.300 Y64.700 E237.07864
G1 F480 X53.300 Y64.700 E237.08862
G1 F480 X53.300 Y64.700 E237.09859
G1 F480 X53.300 Y64.300 E237.09859
G1 F480 X73.300 Y64.700 E237.10857
G1 F480 X73.300 Y64.700 E237.11855
G1 F480 X73.300 Y64.300 E237.11855
G1 F480 X73.300 Y64.700 E237.12853
G1 F480 X73.300 Y66.300 E237.62743
G1 F480 X73.300 Y66.700 E238.12643
G1 F480 X73.300 Y66.700 E238.62543
G1 F480 X53.300 Y66.700 E238.63541
G1 F480 X73.300 Y66.300 E239.13431
G1 F480 X73.300 Y66.300 E239.63322
G1 F480 X53.300 Y66.300 E239.63322
G1 F480 X73.300 Y66.300 E240.13212
G1 F480 X73.300 Y66.700 E240.63102
G1 F480 X73.300 Y66.700 E241.12992
G1 F480 X73.300 Y66.700 E241.62882
G1 F480 X53.300 Y66.700 E241.62882
G1 F480 X53.300 Y66.700 E241.63880
G1 F480 X53.300 Y66.700 E241.64878
G1 F480 X53.300 Y66.700 E241.65876
G1 F480 X53.300 Y66.300 E241.65876
G1 F480 X73.300 Y66.700 E241.66874
G1 F480 X73.300 Y66.700 E241.67871
G1 F480 X73.300 Y66.300 E241.67871
G1 F480 X73.300 Y66.700 E241.68869
G1 F480 X73.300 Y68.300 E242.18760
G1 F480 X73.300 Y68.700 E242.68660
G1 F480 X73.300 Y68.700 E243.18560
G1 F480 X53.300 Y68.700 E243.19558
G1 F480 X73.300 Y68.300 E243.69448
G1 F480 X73.300 Y68.300 E244.19338
G1 F480 X53.300 Y68.300 E244.19338
G1 F480 X73.300 Y68.300 E244.69228
G1 F480 X73.300 Y68.700 E245.19118
G1 F480 X73.300 Y68.700 E245.69009
G1 F480 X73.300 Y68.700 E246.18899
G1 F480 X53.300 Y68.700 E246.18899
G1 F480 X53.300 Y68.700 E246.19897
G1 F480 X53.300 Y68.700 E246.20894
G1 F480 X53.300 Y68.700 E246.21892
G1 F480 X53.300 Y68.300 E246.21892
G1 F480 X73.300 Y68.700 E246.22890
G1 F480 X73.300 Y68.700 E246.23888
G1 F480 X73.300 Y68.300 E246.23888
G1 F480 X73.300 Y68.700 E246.24886
G1 F480 X73.300 Y70.300 E246.74776
G1 F480 X73.300 Y70.700 E247.24676
G1 F480 X73.300 Y70.700 E247.74576
G1 F480 X53.300 Y70.700 E247.75574
G1 F480 X73.300 Y70.300 E248.25464
G1 F480 X73.300 Y70.300 E248.75354
G1 F480 X53.300 Y70.300 E248.75354
G1 F480 X73.300 Y70.300 E249.25245
G1 F480 X73.300 Y70.700 E249.75135
G1 F480 X73.300 Y70.700 E250.25025
G1 F480 X73.300 Y70.700 E250.74915
G1 F480 X53.300 Y70.700 E250.74915
G1 F480 X53.300 Y70.700 E250.75913
G1 F480 X53.300 Y70.700 E250.76911
G1 F480 X53.300 Y70.700 E250.77909
G1 F480 X53.300 Y70.300 E250.77909
G1 F480 X73.300 Y70.700 E250.78906
G1 F480 X73.300 Y70.700 E250.79904
G1 F480 X73.300 Y70.300 E250.79904
G1 F480 X73.300 Y70.700 E250.80902

; Capa 9 / Z=1.35mm
G0 F6000 Z1.85 ; levantar para viaje
G0 F6000 X53.300 Y50.300 Z1.35
G1 F480 X73.300 Y50.700 E251.30802
G1 F480 X73.300 Y50.300 E251.80692
G1 F480 X53.300 Y50.700 E251.81690
G1 F480 X73.300 Y50.700 E252.31590
G1 F480 X73.300 Y50.300 E252.81481
G1 F480 X73.300 Y50.300 E253.31371
G1 F480 X53.300 Y50.300 E253.31371
G1 F480 X73.300 Y50.300 E253.81261
G1 F480 X73.300 Y50.700 E254.31151
G1 F480 X73.300 Y50.700 E254.81041
G1 F480 X73.300 Y50.700 E255.30932
G1 F480 X53.300 Y50.700 E255.30932
G1 F480 X53.300 Y50.700 E255.31929
G1 F480 X53.300 Y50.700 E255.32927
G1 F480 X53.300 Y50.700 E255.33925
G1 F480 X53.300 Y50.300 E255.33925
G1 F480 X73.300 Y50.700 E255.34923
G1 F480 X73.300 Y50.700 E255.35921
G1 F480 X73.300 Y50.300 E255.35921
G1 F480 X73.300 Y50.700 E255.36919
G1 F480 X73.300 Y52.700 E255.86819
G1 F480 X73.300 Y52.300 E256.36709
G1 F480 X53.300 Y52.700 E256.37707
G1 F480 X73.300 Y52.700 E256.87607
G1 F480 X73.300 Y52.300 E257.37497
G1 F480 X73.300 Y52.300 E257.87387
G1 F480 X53.300 Y52.300 E257.87387
G1 F480 X73.300 Y52.300 E258.37277
G1 F480 X73.300 Y52.700 E258.87168
G1 F480 X73.300 Y52.700 E259.37058
G1 F480 X73.300 Y52.700 E259.86948
G1 F480 X53.300 Y52.700 E259.86948
G1 F480 X53.300 Y52.700 E259.87946
G1 F480 X53.300 Y52.700 E259.88944
G1 F480 X53.300 Y52.700 E259.89941
G1 F480 X53.300 Y52.300 E259.89941
G1 F480 X73.300 Y52.700 E259.90939
G1 F480 X73.300 Y52.700 E259.91937
G1 F480 X73.300 Y52.300 E259.91937
G1 F480 X73.300 Y52.700 E259.92935
G1 F480 X73.300 Y54.700 E260.42835
G1 F480 X73.300 Y54.300 E260.92725
G1 F480 X53.300 Y54.700 E260.93723
G1 F480 X73.300 Y54.700 E261.43623
G1 F480 X73.300 Y54.300 E261.93513
G1 F480 X73.300 Y54.300 E262.43404
G1 F480 X53.300 Y54.300 E262.43404
G1 F480 X73.300 Y54.300 E262.93294
G1 F480 X73.300 Y54.700 E263.43184
G1 F480 X73.300 Y54.700 E263.93074
G1 F480 X73.300 Y54.700 E264.42964
G1 F480 X53.300 Y54.700 E264.42964
G1 F480 X53.300 Y54.700 E264.43962
G1 F480 X53.300 Y54.700 E264.44960
G1 F480 X53.300 Y54.700 E264.45958
G1 F480 X53.300 Y54.300 E264.45958
G1 F480 X73.300 Y54.700 E264.46956
G1 F480 X73.300 Y54.700 E264.47954
G1 F480 X73.300 Y54.300 E264.47954
G1 F480 X73.300 Y54.700 E264.48951
G1 F480 X73.300 Y56.700 E264.98851
G1 F480 X73.300 Y56.300 E265.48742
G1 F480 X53.300 Y56.700 E265.49740
G1 F480 X73.300 Y56.700 E265.99640
G1 F480 X73.300 Y56.300 E266.49530
G1 F480 X73.300 Y56.300 E266.99420
G1 F480 X53.300 Y56.300 E266.99420
G1 F480 X73.300 Y56.300 E267.49310
G1 F480 X73.300 Y56.700 E267.99200
G1 F480 X73.300 Y56.700 E268.49091
G1 F480 X73.300 Y56.700 E268.98981
G1 F480 X53.300 Y56.700 E268.98981
G1 F480 X53.300 Y56.700 E268.99979
G1 F480 X53.300 Y56.700 E269.00977
G1 F480 X53.300 Y56.700 E269.01974
G1 F480 X53.300 Y56.300 E269.01974
G1 F480 X73.300 Y56.700 E269.02972
G1 F480 X73.300 Y56.700 E269.03970
G1 F480 X73.300 Y56.300 E269.03970
G1 F480 X73.300 Y56.700 E269.04968
G1 F480 X73.300 Y58.700 E269.54868
G1 F480 X73.300 Y58.300 E270.04758
G1 F480 X53.300 Y58.700 E270.05756
G1 F480 X73.300 Y58.700 E270.55656
G1 F480 X73.300 Y58.300 E271.05546
G1 F480 X73.300 Y58.300 E271.55436
G1 F480 X53.300 Y58.300 E271.55436
G1 F480 X73.300 Y58.300 E272.05327
G1 F480 X73.300 Y58.700 E272.55217
G1 F480 X73.300 Y58.700 E273.05107
G1 F480 X73.300 Y58.700 E273.54997
G1 F480 X53.300 Y58.700 E273.54997
G1 F480 X53.300 Y58.700 E273.55995
G1 F480 X53.300 Y58.700 E273.56993
G1 F480 X53.300 Y58.700 E273.57991
G1 F480 X53.300 Y58.300 E273.57991
G1 F480 X73.300 Y58.700 E273.58989
G1 F480 X73.300 Y58.700 E273.59986
G1 F480 X73.300 Y58.300 E273.59986
G1 F480 X73.300 Y58.700 E273.60984
G1 F480 X73.300 Y60.700 E274.10884
G1 F480 X73.300 Y60.300 E274.60775
G1 F480 X53.300 Y60.700 E274.61772
G1 F480 X73.300 Y60.700 E275.11672
G1 F480 X73.300 Y60.300 E275.61563
G1 F480 X73.300 Y60.300 E276.11453
G1 F480 X53.300 Y60.300 E276.11453
G1 F480 X73.300 Y60.300 E276.61343
G1 F480 X73.300 Y60.700 E277.11233
G1 F480 X73.300 Y60.700 E277.61124
G1 F480 X73.300 Y60.700 E278.11014
G1 F480 X53.300 Y60.700 E278.11014
G1 F480 X53.300 Y60.700 E278.12012
G1 F480 X53.300 Y60.700 E278.13009
G1 F480 X53.300 Y60.700 E278.14007
G1 F480 X53.300 Y60.300 E278.14007
G1 F480 X73.300 Y60.700 E278.15005
G1 F480 X73.300 Y60.700 E278.16003
G1 F480 X73.300 Y60.300 E278.16003
G1 F480 X73.300 Y60.700 E278.17001
G1 F480 X73.300 Y62.700 E278.66901
G1 F480 X73.300 Y62.300 E279.16791
G1 F480 X53.300 Y62.700 E279.17789
G1 F480 X73.300 Y62.700 E279.67689
G1 F480 X73.300 Y62.300 E280.17579
G1 F480 X73.300 Y62.300 E280.67469
G1 F480 X53.300 Y62.300 E280.67469
G1 F480 X73.300 Y62.300 E281.17359
G1 F480 X73.300 Y62.700 E281.67250
G1 F480 X73.300 Y62.700 E282.17140
G1 F480 X73.300 Y62.700 E282.67030
G1 F480 X53.300 Y62.700 E282.67030
G1 F480 X53.300 Y62.700 E282.68028
G1 F480 X53.300 Y62.700 E282.69026
G1 F480 X53.300 Y62.700 E282.70024
G1 F480 X53.300 Y62.300 E282.70024
G1 F480 X73.300 Y62.700 E282.71021
G1 F480 X73.300 Y62.700 E282.72019
G1 F480 X73.300 Y62.300 E282.72019
G1 F480 X73.300 Y62.700 E282.73017
G1 F480 X73.300 Y64.700 E283.22917
G1 F480 X73.300 Y64.300 E283.72807
G1 F480 X53.300 Y64.700 E283.73805
G1 F480 X73.300 Y64.700 E284.23705
G1 F480 X73.300 Y64.300 E284.73595
G1 F480 X73.300 Y64.300 E285.23486
G1 F480 X53.300 Y64.300 E285.23486
G1 F480 X73.300 Y64.300 E285.73376
G1 F480 X73.300 Y64.700 E286.23266
G1 F480 X73.300 Y64.700 E286.73156
G1 F480 X73.300 Y64.700 E287.23047
G1 F480 X53.300 Y64.700 E287.23047
G1 F480 X53.300 Y64.700 E287.24044
G1 F480 X53.300 Y64.700 E287.25042
G1 F480 X53.300 Y64.700 E287.26040
G1 F480 X53.300 Y64.300 E287.26040
G1 F480 X73.300 Y64.700 E287.27038
G1 F480 X73.300 Y64.700 E287.28036
G1 F480 X73.300 Y64.300 E287.28036
G1 F480 X73.300 Y64.700 E287.29033
G1 F480 X73.300 Y66.700 E287.78933
G1 F480 X73.300 Y66.300 E288.28824
G1 F480 X53.300 Y66.700 E288.29822
G1 F480 X73.300 Y66.700 E288.79722
G1 F480 X73.300 Y66.300 E289.29612
G1 F480 X73.300 Y66.300 E289.79502
G1 F480 X53.300 Y66.300 E289.79502
G1 F480 X73.300 Y66.300 E290.29392
G1 F480 X73.300 Y66.700 E290.79282
G1 F480 X73.300 Y66.700 E291.29173
G1 F480 X73.300 Y66.700 E291.79063
G1 F480 X53.300 Y66.700 E291.79063
G1 F480 X53.300 Y66.700 E291.80061
G1 F480 X53.300 Y66.700 E291.81059
G1 F480 X53.300 Y66.700 E291.82056
G1 F480 X53.300 Y66.300 E291.82056
G1 F480 X73.300 Y66.700 E291.83054
G1 F480 X73.300 Y66.700 E291.84052
G1 F480 X73.300 Y66.300 E291.84052
G1 F480 X73.300 Y66.700 E291.85050
G1 F480 X73.300 Y68.700 E292.34950
G1 F480 X73.300 Y68.300 E292.84840
G1 F480 X53.300 Y68.700 E292.85838
G1 F480 X73.300 Y68.700 E293.35738
G1 F480 X73.300 Y68.300 E293.85628
G1 F480 X73.300 Y68.300 E294.35518
G1 F480 X53.300 Y68.300 E294.35518
G1 F480 X73.300 Y68.300 E294.85409
G1 F480 X73.300 Y68.700 E295.35299
G1 F480 X73.300 Y68.700 E295.85189
G1 F480 X73.300 Y68.700 E296.35079
G1 F480 X53.300 Y68.700 E296.35079
G1 F480 X53.300 Y68.700 E296.36077
G1 F480 X53.300 Y68.700 E296.37075
G1 F480 X53.300 Y68.700 E296.38073
G1 F480 X53.300 Y68.300 E296.38073
G1 F480 X73.300 Y68.700 E296.39071
G1 F480 X73.300 Y68.700 E296.40068
G1 F480 X73.300 Y68.300 E296.40068
G1 F480 X73.300 Y68.700 E296.41066
G1 F480 X73.300 Y70.700 E296.90966
G1 F480 X73.300 Y70.300 E297.40857
G1 F480 X53.300 Y70.700 E297.41854
G1 F480 X73.300 Y70.700 E297.91754
G1 F480 X73.300 Y70.300 E298.41645
G1 F480 X73.300 Y70.300 E298.91535
G1 F480 X53.300 Y70.300 E298.91535
G1 F480 X73.300 Y70.300 E299.41425
G1 F480 X73.300 Y70.700 E299.91315
G1 F480 X73.300 Y70.700 E300.41205
G1 F480 X73.300 Y70.700 E300.91096
G1 F480 X53.300 Y70.700 E300.91096
G1 F480 X53.300 Y70.700 E300.92094
G1 F480 X53.300 Y70.700 E300.93091
G1 F480 X53.300 Y70.700 E300.94089
G1 F480 X53.300 Y70.300 E300.94089
G1 F480 X73.300 Y70.700 E300.95087
G1 F480 X73.300 Y70.700 E300.96085
G1 F480 X73.300 Y70.300 E300.96085
G1 F480 X73.300 Y70.700 E300.97083
G1 F480 X53.700 Y50.300 E300.98080
G1 F480 X53.700 Y70.300 E301.47981
G1 F480 X53.700 Y70.300 E301.97881
G1 F480 X53.300 Y70.300 E302.47771
G1 F480 X53.700 Y50.300 E302.48769
G1 F480 X53.700 Y50.300 E302.49766
G1 F480 X53.300 Y50.300 E302.49766
G1 F480 X53.700 Y50.300 E302.50764
G1 F480 X53.700 Y70.300 E302.51762
G1 F480 X53.700 Y70.300 E302.52760
G1 F480 X53.700 Y70.300 E302.53758
G1 F480 X53.300 Y70.300 E302.53758
G1 F480 X53.300 Y70.300 E303.03648
G1 F480 X53.300 Y70.300 E303.53538
G1 F480 X53.300 Y70.300 E304.03428
G1 F480 X53.300 Y50.300 E304.03428
G1 F480 X53.700 Y70.300 E304.53319
G1 F480 X53.700 Y70.300 E305.03209
G1 F480 X53.700 Y50.300 E305.03209
G1 F480 X53.700 Y70.300 E305.53099
G1 F480 X55.700 Y50.300 E305.54097
G1 F480 X55.700 Y70.300 E306.03997
G1 F480 X55.700 Y70.300 E306.53897
G1 F480 X55.300 Y70.300 E307.03787
G1 F480 X55.700 Y50.300 E307.04785
G1 F480 X55.700 Y50.300 E307.05783
G1 F480 X55.300 Y50.300 E307.05783
G1 F480 X55.700 Y50.300 E307.06781
G1 F480 X55.700 Y70.300 E307.07779
G1 F480 X55.700 Y70.300 E307.08776
G1 F480 X55.700 Y70.300 E307.09774
G1 F480 X55.300 Y70.300 E307.09774
G1 F480 X55.300 Y70.300 E307.59664
G1 F480 X55.300 Y70.300 E308.09555
G1 F480 X55.300 Y70.300 E308.59445
G1 F480 X55.300 Y50.300 E308.59445
G1 F480 X55.700 Y70.300 E309.09335
G1 F480 X55.700 Y70.300 E309.59225
G1 F480 X55.700 Y50.300 E309.59225
G1 F480 X55.700 Y70.300 E310.09115
G1 F480 X57.700 Y50.300 E310.10113
G1 F480 X57.700 Y70.300 E310.60013
G1 F480 X57.700 Y70.300 E311.09913
G1 F480 X57.300 Y70.300 E311.59804
G1 F480 X57.700 Y50.300 E311.60802
G1 F480 X57.700 Y50.300 E311.61799
G1 F480 X57.300 Y50.300 E311.61799
G1 F480 X57.700 Y50.300 E311.62797
G1 F480 X57.700 Y70.300 E311.63795
G1 F480 X57.700 Y70.300 E311.64793
G1 F480 X57.700 Y70.300 E311.65791
G1 F480 X57.300 Y70.300 E311.65791
G1 F480 X57.300 Y70.300 E312.15681
G1 F480 X57.300 Y70.300 E312.65571
G1 F480 X57.300 Y70.300 E313.15461
G1 F480 X57.300 Y50.300 E313.15461
G1 F480 X57.700 Y70.300 E313.65351
G1 F480 X57.700 Y70.300 E314.15242
G1 F480 X57.700 Y50.300 E314.15242
G1 F480 X57.700 Y70.300 E314.65132
G1 F480 X59.700 Y50.300 E314.66130
G1 F480 X59.700 Y70.300 E315.16030
G1 F480 X59.700 Y70.300 E315.65930
G1 F480 X59.300 Y70.300 E316.15820
G1 F480 X59.700 Y50.300 E316.16818
G1 F480 X59.700 Y50.300 E316.17816
G1 F480 X59.300 Y50.300 E316.17816
G1 F480 X59.700 Y50.300 E316.18814
G1 F480 X59.700 Y70.300 E316.19811
G1 F480 X59.700 Y70.300 E316.20809
G1 F480 X59.700 Y70.300 E316.21807
G1 F480 X59.300 Y70.300 E316.21807
G1 F480 X59.300 Y70.300 E316.71697
G1 F480 X59.300 Y70.300 E317.21587
G1 F480 X59.300 Y70.300 E317.71478
G1 F480 X59.300 Y50.300 E317.71478
G1 F480 X59.700 Y70.300 E318.21368
G1 F480 X59.700 Y70.300 E318.71258
G1 F480 X59.700 Y50.300 E318.71258
G1 F480 X59.700 Y70.300 E319.21148
G1 F480 X61.700 Y50.300 E319.22146
G1 F480 X61.700 Y70.300 E319.72046
G1 F480 X61.700 Y70.300 E320.21946
G1 F480 X61.300 Y70.300 E320.71837
G1 F480 X61.700 Y50.300 E320.72834
G1 F480 X61.700 Y50.300 E320.73832
G1 F480 X61.300 Y50.300 E320.73832
G1 F480 X61.700 Y50.300 E320.74830
G1 F480 X61.700 Y70.300 E320.75828
G1 F480 X61.700 Y70.300 E320.76826
G1 F480 X61.700 Y70.300 E320.77823
G1 F480 X61.300 Y70.300 E320.77823
G1 F480 X61.300 Y70.300 E321.27714
G1 F480 X61.300 Y70.300 E321.77604
G1 F480 X61.300 Y70.300 E322.27494
G1 F480 X61.300 Y50.300 E322.27494
G1 F480 X61.700 Y70.300 E322.77384
G1 F480 X61.700 Y70.300 E323.27274
G1 F480 X61.700 Y50.300 E323.27274
G1 F480 X61.700 Y70.300 E323.77165
G1 F480 X63.700 Y50.300 E323.78162
G1 F480 X63.700 Y70.300 E324.28063
G1 F480 X63.700 Y70.300 E324.77963
G1 F480 X63.300 Y70.300 E325.27853
G1 F480 X63.700 Y50.300 E325.28851
G1 F480 X63.700 Y50.300 E325.29849
G1 F480 X63.300 Y50.300 E325.29849
G1 F480 X63.700 Y50.300 E325.30846
G1 F480 X63.700 Y70.300 E325.31844
G1 F480 X63.700 Y70.300 E325.32842
G1 F480 X63.700 Y70.300 E325.33840
G1 F480 X63.300 Y70.300 E325.33840
G1 F480 X63.300 Y70.300 E325.83730
G1 F480 X63.300 Y70.300 E326.33620
G1 F480 X63.300 Y70.300 E326.83510
G1 F480 X63.300 Y50.300 E326.83510
G1 F480 X63.700 Y70.300 E327.33401
G1 F480 X63.700 Y70.300 E327.83291
G1 F480 X63.700 Y50.300 E327.83291
G1 F480 X63.700 Y70.300 E328.33181
G1 F480 X65.700 Y50.300 E328.34179
G1 F480 X65.700 Y70.300 E328.84079
G1 F480 X65.700 Y70.300 E329.33979
G1 F480 X65.300 Y70.300 E329.83869
G1 F480 X65.700 Y50.300 E329.84867
G1 F480 X65.700 Y50.300 E329.85865
G1 F480 X65.300 Y50.300 E329.85865
G1 F480 X65.700 Y50.300 E329.86863
G1 F480 X65.700 Y70.300 E329.87861
G1 F480 X65.700 Y70.300 E329.88858
G1 F480 X65.700 Y70.300 E329.89856
G1 F480 X65.300 Y70.300 E329.89856
G1 F480 X65.300 Y70.300 E330.39746
G1 F480 X65.300 Y70.300 E330.89637
G1 F480 X65.300 Y70.300 E331.39527
G1 F480 X65.300 Y50.300 E331.39527
G1 F480 X65.700 Y70.300 E331.89417
G1 F480 X65.700 Y70.300 E332.39307
G1 F480 X65.700 Y50.300 E332.39307
G1 F480 X65.700 Y70.300 E332.89197
G1 F480 X67.700 Y50.300 E332.90195
G1 F480 X67.700 Y70.300 E333.40095
G1 F480 X67.700 Y70.300 E333.89996
G1 F480 X67.300 Y70.300 E334.39886
G1 F480 X67.700 Y50.300 E334.40884
G1 F480 X67.700 Y50.300 E334.41881
G1 F480 X67.300 Y50.300 E334.41881
G1 F480 X67.700 Y50.300 E334.42879
G1 F480 X67.700 Y70.300 E334.43877
G1 F480 X67.700 Y70.300 E334.44875
G1 F480 X67.700 Y70.300 E334.45873
G1 F480 X67.300 Y70.300 E334.45873
G1 F480 X67.300 Y70.300 E334.95763
G1 F480 X67.300 Y70.300 E335.45653
G1 F480 X67.300 Y70.300 E335.95543
G1 F480 X67.300 Y50.300 E335.95543
G1 F480 X67.700 Y70.300 E336.45433
G1 F480 X67.700 Y70.300 E336.95324
G1 F480 X67.700 Y50.300 E336.95324
G1 F480 X67.700 Y70.300 E337.45214
G1 F480 X69.700 Y50.300 E337.46212
G1 F480 X69.700 Y70.300 E337.96112
G1 F480 X69.700 Y70.300 E338.46012
G1 F480 X69.300 Y70.300 E338.95902
G1 F480 X69.700 Y50.300 E338.96900
G1 F480 X69.700 Y50.300 E338.97898
G1 F480 X69.300 Y50.300 E338.97898
G1 F480 X69.700 Y50.300 E338.98896
G1 F480 X69.700 Y70.300 E338.99893
G1 F480 X69.700 Y70.300 E339.00891
G1 F480 X69.700 Y70.300 E339.01889
G1 F480 X69.300 Y70.300 E339.01889
G1 F480 X69.300 Y70.300 E339.51779
G1 F480 X69.300 Y70.300 E340.01669
G1 F480 X69.300 Y70.300 E340.51560
G1 F480 X69.300 Y50.300 E340.51560
G1 F480 X69.700 Y70.300 E341.01450
G1 F480 X69.700 Y70.300 E341.51340
G1 F480 X69.700 Y50.300 E341.51340
G1 F480 X69.700 Y70.300 E342.01230
G1 F480 X71.700 Y50.300 E342.02228
G1 F480 X71.700 Y70.300 E342.52128
G1 F480 X71.700 Y70.300 E343.02028
G1 F480 X71.300 Y70.300 E343.51919
G1 F480 X71.700 Y50.300 E343.52916
G1 F480 X71.700 Y50.300 E343.53914
G1 F480 X71.300 Y50.300 E343.53914
G1 F480 X71.700 Y50.300 E343.54912
G1 F480 X71.700 Y70.300 E343.55910
G1 F480 X71.700 Y70.300 E343.56908
G1 F480 X71.700 Y70.300 E343.57905
G1 F480 X71.300 Y70.300 E343.57905
G1 F480 X71.300 Y70.300 E344.07796
G1 F480 X71.300 Y70.300 E344.57686
G1 F480 X71.300 Y70.300 E345.07576
G1 F480 X71.300 Y50.300 E345.07576
G1 F480 X71.700 Y70.300 E345.57466
G1 F480 X71.700 Y70.300 E346.07356
G1 F480 X71.700 Y50.300 E346.07356
G1 F480 X71.700 Y70.300 E346.57247
G1 F480 X73.700 Y50.300 E346.58244
G1 F480 X73.700 Y70.300 E347.08145
G1 F480 X73.700 Y70.300 E347.58045
G1 F480 X73.300 Y70.300 E348.07935
G1 F480 X73.700 Y50.300 E348.08933
G1 F480 X73.700 Y50.300 E348.09931
G1 F480 X73.300 Y50.300 E348.09931
G1 F480 X73.700 Y50.300 E348.10928
G1 F480 X73.700 Y70.300 E348.11926
G1 F480 X73.700 Y70.300 E348.12924
G1 F480 X73.700 Y70.300 E348.13922
G1 F480 X73.300 Y70.300 E348.13922
G1 F480 X73.300 Y70.300 E348.63812
G1 F480 X73.300 Y70.300 E349.13702
G1 F480 X73.300 Y70.300 E349.63592
G1 F480 X73.300 Y50.300 E349.63592
G1 F480 X73.700 Y70.300 E350.13483
G1 F480 X73.700 Y70.300 E350.63373
G1 F480 X73.700 Y50.300 E350.63373
G1 F480 X73.700 Y70.300 E351.13263

; Capa 11 / Z=1.65mm
G0 F6000 Z2.15 ; levantar para viaje
G0 F6000 X53.300 Y50.300 Z1.65
G1 F480 X53.700 Y70.300 E351.63163
G1 F480 X53.700 Y50.300 E351.64161
G1 F480 X53.300 Y70.300 E352.14051
G1 F480 X53.700 Y70.300 E352.63951
G1 F480 X53.700 Y50.300 E352.64949
G1 F480 X53.700 Y50.300 E352.65947
G1 F480 X53.300 Y50.300 E352.65947
G1 F480 X53.700 Y50.300 E352.66945
G1 F480 X53.700 Y70.300 E352.67943
G1 F480 X53.700 Y70.300 E352.68940
G1 F480 X53.700 Y70.300 E352.69938
G1 F480 X53.300 Y70.300 E352.69938
G1 F480 X53.300 Y70.300 E353.19828
G1 F480 X53.300 Y70.300 E353.69719
G1 F480 X53.300 Y70.300 E354.19609
G1 F480 X53.300 Y50.300 E354.19609
G1 F480 X53.700 Y70.300 E354.69499
G1 F480 X53.700 Y70.300 E355.19389
G1 F480 X53.700 Y50.300 E355.19389
G1 F480 X53.700 Y70.300 E355.69279
G1 F480 X55.700 Y70.300 E356.19180
G1 F480 X55.700 Y50.300 E356.20177
G1 F480 X55.300 Y70.300 E356.70068
G1 F480 X55.700 Y70.300 E357.19968
G1 F480 X55.700 Y50.300 E357.20966
G1 F480 X55.700 Y50.300 E357.21963
G1 F480 X55.300 Y50.300 E357.21963
G1 F480 X55.700 Y50.300 E357.22961
G1 F480 X55.700 Y70.300 E357.23959
G1 F480 X55.700 Y70.300 E357.24957
G1 F480 X55.700 Y70.300 E357.25955
G1 F480 X55.300 Y70.300 E357.25955
G1 F480 X55.300 Y70.300 E357.75845
G1 F480 X55.300 Y70.300 E358.25735
G1 F480 X55.300 Y70.300 E358.75625
G1 F480 X55.300 Y50.300 E358.75625
G1 F480 X55.700 Y70.300 E359.25515
G1 F480 X55.700 Y70.300 E359.75406
G1 F480 X55.700 Y50.300 E359.75406
G1 F480 X55.700 Y70.300 E360.25296
G1 F480 X57.700 Y70.300 E360.75196
G1 F480 X57.700 Y50.300 E360.76194
G1 F480 X57.300 Y70.300 E361.26084
G1 F480 X57.700 Y70.300 E361.75984
G1 F480 X57.700 Y50.300 E361.76982
G1 F480 X57.700 Y50.300 E361.77980
G1 F480 X57.300 Y50.300 E361.77980
G1 F480 X57.700 Y50.300 E361.78978
G1 F480 X57.700 Y70.300 E361.79975
G1 F480 X57.700 Y70.300 E361.80973
G1 F480 X57.700 Y70.300 E361.81971
G1 F480 X57.300 Y70.300 E361.81971
G1 F480 X57.300 Y70.300 E362.31861
G1 F480 X57.300 Y70.300 E362.81751
G1 F480 X57.300 Y70.300 E363.31642
G1 F480 X57.300 Y50.300 E363.31642
G1 F480 X57.700 Y70.300 E363.81532
G1 F480 X57.700 Y70.300 E364.31422
G1 F480 X57.700 Y50.300 E364.31422
G1 F480 X57.700 Y70.300 E364.81312
G1 F480 X59.700 Y70.300 E365.31212
G1 F480 X59.700 Y50.300 E365.32210
G1 F480 X59.300 Y70.300 E365.82100
G1 F480 X59.700 Y70.300 E366.32001
G1 F480 X59.700 Y50.300 E366.32998
G1 F480 X59.700 Y50.300 E366.33996
G1 F480 X59.300 Y50.300 E366.33996
G1 F480 X59.700 Y50.300 E366.34994
G1 F480 X59.700 Y70.300 E366.35992
G1 F480 X59.700 Y70.300 E366.36990
G1 F480 X59.700 Y70.300 E366.37987
G1 F480 X59.300 Y70.300 E366.37987
G1 F480 X59.300 Y70.300 E366.87878
G1 F480 X59.300 Y70.300 E367.37768
G1 F480 X59.300 Y70.300 E367.87658
G1 F480 X59.300 Y50.300 E367.87658
G1 F480 X59.700 Y70.300 E368.37548
G1 F480 X59.700 Y70.300 E368.87438
G1 F480 X59.700 Y50.300 E368.87438
G1 F480 X59.700 Y70.300 E369.37329
G1 F480 X61.700 Y70.300 E369.87229
G1 F480 X61.700 Y50.300 E369.88227
G1 F480 X61.300 Y70.300 E370.38117
G1 F480 X61.700 Y70.300 E370.88017
G1 F480 X61.700 Y50.300 E370.89015
G1 F480 X61.700 Y50.300 E370.90013
G1 F480 X61.300 Y50.300 E370.90013
G1 F480 X61.700 Y50.300 E370.91010
G1 F480 X61.700 Y70.300 E370.92008
G1 F480 X61.700 Y70.300 E370.93006
G1 F480 X61.700 Y70.300 E370.94004
G1 F480 X61.300 Y70.300 E370.94004
G1 F480 X61.300 Y70.300 E371.43894
G1 F480 X61.300 Y70.300 E371.93784
G1 F480 X61.300 Y70.300 E372.43674
G1 F480 X61.300 Y50.300 E372.43674
G1 F480 X61.700 Y70.300 E372.93565
G1 F480 X61.700 Y70.300 E373.43455
G1 F480 X61.700 Y50.300 E373.43455
G1 F480 X61.700 Y70.300 E373.93345
G1 F480 X63.700 Y70.300 E374.43245
G1 F480 X63.700 Y50.300 E374.44243
G1 F480 X63.300 Y70.300 E374.94133
G1 F480 X63.700 Y70.300 E375.44033
G1 F480 X63.700 Y50.300 E375.45031
G1 F480 X63.700 Y50.300 E375.46029
G1 F480 X63.300 Y50.300 E375.46029
G1 F480 X63.700 Y50.300 E375.47027
G1 F480 X63.700 Y70.300 E375.48025
G1 F480 X63.700 Y70.300 E375.49022
G1 F480 X63.700 Y70.300 E375.50020
G1 F480 X63.300 Y70.300 E375.50020
G1 F480 X63.300 Y70.300 E375.99910
G1 F480 X63.300 Y70.300 E376.49801
G1 F480 X63.300 Y70.300 E376.99691
G1 F480 X63.300 Y50.300 E376.99691
G1 F480 X63.700 Y70.300 E377.49581
G1 F480 X63.700 Y70.300 E377.99471
G1 F480 X63.700 Y50.300 E377.99471
G1 F480 X63.700 Y70.300 E378.49361
G1 F480 X65.700 Y70.300 E378.99262
G1 F480 X65.700 Y50.300 E379.00259
G1 F480 X65.300 Y70.300 E379.50150
G1 F480 X65.700 Y70.300 E380.00050
G1 F480 X65.700 Y50.300 E380.01048
G1 F480 X65.700 Y50.300 E380.02045
G1 F480 X65.300 Y50.300 E380.02045
G1 F480 X65.700 Y50.300 E380.03043
G1 F480 X65.700 Y70.300 E380.04041
G1 F480 X65.700 Y70.300 E380.05039
G1 F480 X65.700 Y70.300 E380.06037
G1 F480 X65.300 Y70.300 E380.06037
G1 F480 X65.300 Y70.300 E380.55927
G1 F480 X65.300 Y70.300 E381.05817
G1 F480 X65.300 Y70.300 E381.55707
G1 F480 X65.300 Y50.300 E381.55707
G1 F480 X65.700 Y70.300 E382.05597
G1 F480 X65.700 Y70.300 E382.55488
G1 F480 X65.700 Y50.300 E382.55488
G1 F480 X65.700 Y70.300 E383.05378
G1 F480 X67.700 Y70.300 E383.55278
G1 F480 X67.700 Y50.300 E383.56276
G1 F480 X67.300 Y70.300 E384.06166
G1 F480 X67.700 Y70.300 E384.56066
G1 F480 X67.700 Y50.300 E384.57064
G1 F480 X67.700 Y50.300 E384.58062
G1 F480 X67.300 Y50.300 E384.58062
G1 F480 X67.700 Y50.300 E384.59060
G1 F480 X67.700 Y70.300 E384.60057
G1 F480 X67.700 Y70.300 E384.61055
G1 F480 X67.700 Y70.300 E384.62053
G1 F480 X67.300 Y70.300 E384.62053
G1 F480 X67.300 Y70.300 E385.11943
G1 F480 X67.300 Y70.300 E385.61833
G1 F480 X67.300 Y70.300 E386.11724
G1 F480 X67.300 Y50.300 E386.11724
G1 F480 X67.700 Y70.300 E386.61614
G1 F480 X67.700 Y70.300 E387.11504
G1 F480 X67.700 Y50.300 E387.11504
G1 F480 X67.700 Y70.300 E387.61394
G1 F480 X69.700 Y70.300 E388.11294
G1 F480 X69.700 Y50.300 E388.12292
G1 F480 X69.300 Y70.300 E388.62182
G1 F480 X69.700 Y70.300 E389.12083
G1 F480 X69.700 Y50.300 E389.13080
G1 F480 X69.700 Y50.300 E389.14078
G1 F480 X69.300 Y50.300 E389.14078
G1 F480 X69.700 Y50.300 E389.15076
G1 F480 X69.700 Y70.300 E389.16074
G1 F480 X69.700 Y70.300 E389.17072
G1 F480 X69.700 Y70.300 E389.18069
G1 F480 X69.300 Y70.300 E389.18069
G1 F480 X69.300 Y70.300 E389.67960
G1 F480 X69.300 Y70.300 E390.17850
G1 F480 X69.300 Y70.300 E390.67740
G1 F480 X69.300 Y50.300 E390.67740
G1 F480 X69.700 Y70.300 E391.17630
G1 F480 X69.700 Y70.300 E391.67520
G1 F480 X69.700 Y50.300 E391.67520
G1 F480 X69.700 Y70.300 E392.17411
G1 F480 X71.700 Y70.300 E392.67311
G1 F480 X71.700 Y50.300 E392.68309
G1 F480 X71.300 Y70.300 E393.18199
G1 F480 X71.700 Y70.300 E393.68099
G1 F480 X71.700 Y50.300 E393.69097
G1 F480 X71.700 Y50.300 E393.70095
G1 F480 X71.300 Y50.300 E393.70095
G1 F480 X71.700 Y50.300 E393.71092
G1 F480 X71.700 Y70.300 E393.72090
G1 F480 X71.700 Y70.300 E393.73088
G1 F480 X71.700 Y70.300 E393.74086
G1 F480 X71.300 Y70.300 E393.74086
G1 F480 X71.300 Y70.300 E394.23976
G1 F480 X71.300 Y70.300 E394.73866
G1 F480 X71.300 Y70.300 E395.23756
G1 F480 X71.300 Y50.300 E395.23756
G1 F480 X71.700 Y70.300 E395.73647
G1 F480 X71.700 Y70.300 E396.23537
G1 F480 X71.700 Y50.300 E396.23537
G1 F480 X71.700 Y70.300 E396.73427
G1 F480 X73.700 Y70.300 E397.23327
G1 F480 X73.700 Y50.300 E397.24325
G1 F480 X73.300 Y70.300 E397.74215
G1 F480 X73.700 Y70.300 E398.24115
G1 F480 X73.700 Y50.300 E398.25113
G1 F480 X73.700 Y50.300 E398.26111
G1 F480 X73.300 Y50.300 E398.26111
G1 F480 X73.700 Y50.300 E398.27109
G1 F480 X73.700 Y70.300 E398.28107
G1 F480 X73.700 Y70.300 E398.29104
G1 F480 X73.700 Y70.300 E398.30102
G1 F480 X73.300 Y70.300 E398.30102
G1 F480 X73.300 Y70.300 E398.79992
G1 F480 X73.300 Y70.300 E399.29883
G1 F480 X73.300 Y70.300 E399.79773
G1 F480 X73.300 Y50.300 E399.79773
G1 F480 X73.700 Y70.300 E400.29663
G1 F480 X73.700 Y70.300 E400.79553
G1 F480 X73.700 Y50.300 E400.79553
G1 F480 X73.700 Y70.300 E401.29443
G0 F6000 Z3.65
G92 E0 ; reset extrusor tras pocillo 5

; === FIN DE IMPRESIÓN ===
G1 Z10 F3000 ; levantar boquilla final
G28 X0 Y0   ; home X e Y
M104 S0     ; apagar extrusor
M84         ; apagar motores